Namn,Antal namnbärare,gender
Anna,301301.0,flicknamn
Anita,57055.0,flicknamn
Astrid,40850.0,flicknamn
Annika,39863.0,flicknamn
Alice,39642.0,flicknamn
Amanda,37009.0,flicknamn
Ann,34628.0,flicknamn
Agneta,33500.0,flicknamn
Anette,30440.0,flicknamn
Alexandra,27637.0,flicknamn
Anneli,26467.0,flicknamn
Agnes,23867.0,flicknamn
Anne,18612.0,flicknamn
Alva,18097.0,flicknamn
Alma,15799.0,flicknamn
Alicia,13126.0,flicknamn
Angelica,12667.0,flicknamn
Annie,12240.0,flicknamn
Annelie,11772.0,flicknamn
Ann-Marie,11294.0,flicknamn
Ann-Charlotte,11039.0,flicknamn
Annette,10941.0,flicknamn
Aina,10022.0,flicknamn
Andrea,9650.0,flicknamn
Ann-Christin,9629.0,flicknamn
Anna-Karin,8408.0,flicknamn
Anna-Lena,8067.0,flicknamn
Annica,7904.0,flicknamn
Anne-Marie,7720.0,flicknamn
Ann-Sofie,6973.0,flicknamn
Sida 1 av 297,,flicknamn
Ann-Kristin,6649.0,flicknamn
Ali,6473.0,flicknamn
Ann-Mari,6274.0,flicknamn
Ann-Britt,6105.0,flicknamn
Asta,6030.0,flicknamn
Ahmed,5849.0,flicknamn
Anja,4982.0,flicknamn
Ann-Louise,4977.0,flicknamn
Ann-Christine,4827.0,flicknamn
Aurora,4761.0,flicknamn
Angela,4161.0,flicknamn
Anna-Lisa,3640.0,flicknamn
Amina,3588.0,flicknamn
Ann-Sofi,3510.0,flicknamn
Amelia,3473.0,flicknamn
Ana,3438.0,flicknamn
Alina,3385.0,flicknamn
Annikki,3334.0,flicknamn
Angelina,3311.0,flicknamn
Amelie,3182.0,flicknamn
Ann-Charlott,3068.0,flicknamn
Antonia,3065.0,flicknamn
Anna-Maria,2896.0,flicknamn
Amalia,2839.0,flicknamn
Angelika,2407.0,flicknamn
Abdi,2396.0,flicknamn
Adele,2388.0,flicknamn
Aleksandra,2312.0,flicknamn
Ann-Katrin,2274.0,flicknamn
Ann-Margret,2197.0,flicknamn
Sida 2 av 297,,flicknamn
Agnieszka,2128.0,flicknamn
Anna-Greta,2004.0,flicknamn
Aisha,1969.0,flicknamn
Aino,1944.0,flicknamn
Augusta,1923.0,flicknamn
Aida,1887.0,flicknamn
Amal,1879.0,flicknamn
Amira,1870.0,flicknamn
Anny,1801.0,flicknamn
Anastasia,1770.0,flicknamn
Aya,1705.0,flicknamn
Anna-Carin,1687.0,flicknamn
Adina,1651.0,flicknamn
Adriana,1635.0,flicknamn
Amy,1614.0,flicknamn
Anni,1593.0,flicknamn
Anne-Charlotte,1498.0,flicknamn
Abdullahi,1461.0,flicknamn
Ahmad,1391.0,flicknamn
Anna-Stina,1377.0,flicknamn
Adela,1352.0,flicknamn
Ada,1313.0,flicknamn
Alaa,1291.0,flicknamn
Alfhild,1262.0,flicknamn
Alejandra,1255.0,flicknamn
Agnetha,1237.0,flicknamn
Adéle,1216.0,flicknamn
Andréa,1195.0,flicknamn
Alida,1190.0,flicknamn
Albertina,1185.0,flicknamn
Sida 3 av 297,,flicknamn
Anders,188723.0,pojknamn
Alexander,82575.0,pojknamn
Andreas,73469.0,pojknamn
Axel,59699.0,pojknamn
Arne,57423.0,pojknamn
Anton,37864.0,pojknamn
Adam,29521.0,pojknamn
Ali,26110.0,pojknamn
Arvid,23680.0,pojknamn
Albin,23115.0,pojknamn
Alf,22412.0,pojknamn
Allan,19641.0,pojknamn
Ahmed,16113.0,pojknamn
Alfred,15535.0,pojknamn
André,13408.0,pojknamn
Adrian,12223.0,pojknamn
Ahmad,12124.0,pojknamn
Albert,11014.0,pojknamn
August,10121.0,pojknamn
Alex,8102.0,pojknamn
Alvar,7105.0,pojknamn
Artur,6157.0,pojknamn
Alvin,6046.0,pojknamn
Antonio,5712.0,pojknamn
Antero,5398.0,pojknamn
Algot,5155.0,pojknamn
Amir,5030.0,pojknamn
Arthur,5025.0,pojknamn
Aron,5018.0,pojknamn
Arnold,4875.0,pojknamn
Sida 1 av 259,,pojknamn
Agne,3952.0,pojknamn
Abdullah,3735.0,pojknamn
Abdi,3685.0,pojknamn
Alfons,3364.0,pojknamn
Abdul,3311.0,pojknamn
Anthony,3072.0,pojknamn
Adnan,2944.0,pojknamn
Abdullahi,2891.0,pojknamn
Abdirahman,2731.0,pojknamn
Andréas,2634.0,pojknamn
Abbas,2540.0,pojknamn
Assar,2380.0,pojknamn
Andrzej,2326.0,pojknamn
Andrew,2282.0,pojknamn
Amin,2186.0,pojknamn
Adolf,2184.0,pojknamn
Alejandro,2149.0,pojknamn
Alan,2101.0,pojknamn
Andres,2044.0,pojknamn
Alexis,1984.0,pojknamn
Alberto,1964.0,pojknamn
Anas,1766.0,pojknamn
Alve,1764.0,pojknamn
Amadeus,1763.0,pojknamn
Ari,1755.0,pojknamn
Aaron,1709.0,pojknamn
Adel,1700.0,pojknamn
Aziz,1683.0,pojknamn
Abdulrahman,1569.0,pojknamn
Abraham,1528.0,pojknamn
Sida 2 av 259,,pojknamn
Amer,1520.0,pojknamn
Ammar,1510.0,pojknamn
Alaa,1500.0,pojknamn
Aleksandar,1432.0,pojknamn
Aleksander,1428.0,pojknamn
Angelo,1427.0,pojknamn
Aston,1288.0,pojknamn
Abdulkadir,1140.0,pojknamn
Abbe,1136.0,pojknamn
Armin,1126.0,pojknamn
Ahmet,1044.0,pojknamn
A,1036.0,pojknamn
Alrik,1036.0,pojknamn
Ayman,1021.0,pojknamn
Akram,1013.0,pojknamn
Andrés,1012.0,pojknamn
Abd,1003.0,pojknamn
Astor,996.0,pojknamn
Angel,996.0,pojknamn
Armas,990.0,pojknamn
Andrei,963.0,pojknamn
Anwar,953.0,pojknamn
Abdallah,949.0,pojknamn
Antti,939.0,pojknamn
Aram,930.0,pojknamn
Amar,886.0,pojknamn
Andre,871.0,pojknamn
Attila,841.0,pojknamn
Arian,837.0,pojknamn
Adem,826.0,pojknamn
Sida 3 av 259,,pojknamn
Birgitta,164812.0,flicknamn
Barbro,40174.0,flicknamn
Britt,33876.0,flicknamn
Berit,28345.0,flicknamn
Birgit,22067.0,flicknamn
Britt-Marie,16073.0,flicknamn
Britta,12856.0,flicknamn
Beatrice,9731.0,flicknamn
Brita,8234.0,flicknamn
Bodil,7576.0,flicknamn
Barbara,3944.0,flicknamn
Bianca,3573.0,flicknamn
Beata,3385.0,flicknamn
Britt-Mari,2936.0,flicknamn
Boel,2519.0,flicknamn
Betty,2464.0,flicknamn
Bella,2046.0,flicknamn
Britt-Inger,1903.0,flicknamn
Berta,1781.0,flicknamn
Britt-Louise,1649.0,flicknamn
Berith,1267.0,flicknamn
Benita,1122.0,flicknamn
Bonnie,1077.0,flicknamn
Belinda,1037.0,flicknamn
Belle,969.0,flicknamn
Brigitte,907.0,flicknamn
Beatriz,751.0,flicknamn
Bozena,745.0,flicknamn
Bibbi,714.0,flicknamn
Björnsdotter,712.0,flicknamn
Sida 1 av 118,,flicknamn
Birthe,707.0,flicknamn
Bente,698.0,flicknamn
Bettina,676.0,flicknamn
Bibi,644.0,flicknamn
Birgitte,642.0,flicknamn
Beate,628.0,flicknamn
Britt Marie,605.0,flicknamn
Biljana,603.0,flicknamn
Britt Inger,602.0,flicknamn
Bushra,588.0,flicknamn
Björg,552.0,flicknamn
Blenda,537.0,flicknamn
Bahar,507.0,flicknamn
Bengtsdotter,507.0,flicknamn
bent,500.0,flicknamn
Beda,473.0,flicknamn
Bayan,461.0,flicknamn
Bashir,459.0,flicknamn
Billie,453.0,flicknamn
Britten,436.0,flicknamn
Blanca,423.0,flicknamn
Bitte,405.0,flicknamn
Bernice,395.0,flicknamn
Bertha,374.0,flicknamn
Batoul,370.0,flicknamn
Beatrix,358.0,flicknamn
Bea,350.0,flicknamn
Bernadette,329.0,flicknamn
Beth,329.0,flicknamn
Bojan,313.0,flicknamn
Sida 2 av 118,,flicknamn
Beryl,309.0,flicknamn
Berivan,305.0,flicknamn
Basma,296.0,flicknamn
Belma,290.0,flicknamn
Borghild,288.0,flicknamn
Berna,278.0,flicknamn
Bertilsdotter,276.0,flicknamn
Branka,271.0,flicknamn
Brith,253.0,flicknamn
Blanka,250.0,flicknamn
Blanche,247.0,flicknamn
Berfin,245.0,flicknamn
Brenda,235.0,flicknamn
Bim,230.0,flicknamn
Brigitta,227.0,flicknamn
Birgith,225.0,flicknamn
Bogumila,225.0,flicknamn
Bernhardina,223.0,flicknamn
Bosdotter,218.0,flicknamn
Benedicte,214.0,flicknamn
Britt-Lis,211.0,flicknamn
Ban,206.0,flicknamn
Brittmarie,206.0,flicknamn
Bengta,205.0,flicknamn
Bich,205.0,flicknamn
Björk,201.0,flicknamn
Bo,199.0,flicknamn
Bojana,196.0,flicknamn
Baraa,195.0,flicknamn
Berhane,195.0,flicknamn
Sida 3 av 118,,flicknamn
Bengt,90301.0,pojknamn
Bo,87501.0,pojknamn
Björn,61493.0,pojknamn
Bertil,58731.0,pojknamn
Börje,21249.0,pojknamn
Bernt,17105.0,pojknamn
Bror,16836.0,pojknamn
Birger,16131.0,pojknamn
Benjamin,15090.0,pojknamn
Benny,10492.0,pojknamn
Bert,6754.0,pojknamn
Bernhard,5022.0,pojknamn
Bruno,4615.0,pojknamn
Berndt,3253.0,pojknamn
Billy,3081.0,pojknamn
Bjarne,2609.0,pojknamn
Ben,2578.0,pojknamn
Bill,2548.0,pojknamn
Boris,2385.0,pojknamn
Bilal,1475.0,pojknamn
Brian,1384.0,pojknamn
Bengt-Åke,1195.0,pojknamn
Bashir,1108.0,pojknamn
Berne,1100.0,pojknamn
Bernard,1066.0,pojknamn
Berth,1004.0,pojknamn
Bassam,985.0,pojknamn
Bastian,981.0,pojknamn
Bosse,927.0,pojknamn
Bob,910.0,pojknamn
Sida 1 av 132,,pojknamn
Bengt-Olof,837.0,pojknamn
Bogdan,803.0,pojknamn
Bashar,791.0,pojknamn
Bengt-Göran,732.0,pojknamn
Bengt-Erik,611.0,pojknamn
Birk,562.0,pojknamn
Bobby,557.0,pojknamn
Bernth,556.0,pojknamn
Brynolf,551.0,pojknamn
Basel,550.0,pojknamn
Bent,548.0,pojknamn
Bo-Göran,499.0,pojknamn
Boo,489.0,pojknamn
Bengt Åke,468.0,pojknamn
Bruce,465.0,pojknamn
Bojan,444.0,pojknamn
Branko,434.0,pojknamn
Buster,426.0,pojknamn
Berhane,423.0,pojknamn
Bartosz,421.0,pojknamn
Bobo,420.0,pojknamn
Bereket,409.0,pojknamn
Berthold,407.0,pojknamn
Bengt-Arne,392.0,pojknamn
Belal,392.0,pojknamn
Bonde,390.0,pojknamn
Barry,374.0,pojknamn
Babak,364.0,pojknamn
Baran,362.0,pojknamn
Bernd,362.0,pojknamn
Sida 2 av 132,,pojknamn
Besim,359.0,pojknamn
Burhan,349.0,pojknamn
Baltzar,340.0,pojknamn
Brandon,337.0,pojknamn
Biniam,332.0,pojknamn
Bartlomiej,331.0,pojknamn
Bryan,329.0,pojknamn
Bin,321.0,pojknamn
Basem,310.0,pojknamn
Börge,308.0,pojknamn
Bengt-Olov,307.0,pojknamn
Bahram,302.0,pojknamn
Benno,298.0,pojknamn
Bekim,290.0,pojknamn
Bajram,289.0,pojknamn
Berat,286.0,pojknamn
Bengt Göran,285.0,pojknamn
Bertel,284.0,pojknamn
Basim,282.0,pojknamn
Brage,277.0,pojknamn
Bo Göran,269.0,pojknamn
Beppe,268.0,pojknamn
Behnam,264.0,pojknamn
Benyamin,262.0,pojknamn
Besnik,248.0,pojknamn
Bengt-Ove,248.0,pojknamn
Björne,246.0,pojknamn
Baker,244.0,pojknamn
Basil,236.0,pojknamn
Burak,229.0,pojknamn
Sida 3 av 132,,pojknamn
Christina,105741.0,flicknamn
Cecilia,65038.0,flicknamn
Carina,46569.0,flicknamn
Camilla,35138.0,flicknamn
Caroline,32992.0,flicknamn
Charlotte,30855.0,flicknamn
Charlotta,27096.0,flicknamn
Carolina,15973.0,flicknamn
Christine,12534.0,flicknamn
Carin,11521.0,flicknamn
Clara,11467.0,flicknamn
Cornelia,9622.0,flicknamn
Catharina,9592.0,flicknamn
Catarina,9400.0,flicknamn
Carola,8221.0,flicknamn
Christin,6765.0,flicknamn
Christel,4962.0,flicknamn
Cristina,4473.0,flicknamn
Catrin,3850.0,flicknamn
Carmen,3824.0,flicknamn
Cassandra,3116.0,flicknamn
Carolin,3084.0,flicknamn
Charlott,3030.0,flicknamn
Claudia,2897.0,flicknamn
Cathrine,2821.0,flicknamn
Cajsa,2207.0,flicknamn
Carita,2147.0,flicknamn
Celine,2136.0,flicknamn
Catherine,1954.0,flicknamn
Catrine,1763.0,flicknamn
Sida 1 av 95,,flicknamn
Clary,1739.0,flicknamn
Carla,1482.0,flicknamn
Chatarina,1474.0,flicknamn
Cathrin,1363.0,flicknamn
Celina,1223.0,flicknamn
Charlie,973.0,flicknamn
Céline,825.0,flicknamn
Cindy,815.0,flicknamn
Cleo,803.0,flicknamn
Constance,788.0,flicknamn
Claire,722.0,flicknamn
Christa,680.0,flicknamn
Caisa,621.0,flicknamn
Carol,582.0,flicknamn
Connie,568.0,flicknamn
Chris,556.0,flicknamn
Catalina,529.0,flicknamn
Chanel,522.0,flicknamn
Chloé,516.0,flicknamn
Celia,501.0,flicknamn
Chloe,491.0,flicknamn
Chatrine,490.0,flicknamn
Chelsea,487.0,flicknamn
Corinne,416.0,flicknamn
Cynthia,409.0,flicknamn
Cecilie,393.0,flicknamn
Camila,386.0,flicknamn
Celeste,381.0,flicknamn
Cristin,372.0,flicknamn
Christiane,356.0,flicknamn
Sida 2 av 95,,flicknamn
Chatrin,312.0,flicknamn
Chantal,292.0,flicknamn
Cristine,284.0,flicknamn
Chanelle,284.0,flicknamn
Corina,279.0,flicknamn
Chiara,277.0,flicknamn
Casandra,273.0,flicknamn
Carlsdotter,258.0,flicknamn
Camille,237.0,flicknamn
Christelle,231.0,flicknamn
Carine,230.0,flicknamn
Cia,224.0,flicknamn
Cicilia,204.0,flicknamn
Cordelia,200.0,flicknamn
Chi,187.0,flicknamn
Cherie,187.0,flicknamn
Carolyn,186.0,flicknamn
Cataleya,185.0,flicknamn
Carole,185.0,flicknamn
Charina,181.0,flicknamn
Cilla,180.0,flicknamn
Cina,168.0,flicknamn
Cim,168.0,flicknamn
Clarissa,168.0,flicknamn
Camelia,165.0,flicknamn
Claesdotter,163.0,flicknamn
Caitlin,159.0,flicknamn
Catrina,158.0,flicknamn
Caterina,158.0,flicknamn
Claudine,155.0,flicknamn
Sida 3 av 95,,flicknamn
Carl,137506.0,pojknamn
Christer,58643.0,pojknamn
Christian,38929.0,pojknamn
Claes,21560.0,pojknamn
Christoffer,20080.0,pojknamn
Conny,14410.0,pojknamn
Charlie,10393.0,pojknamn
Christopher,9096.0,pojknamn
Casper,6293.0,pojknamn
Charles,6001.0,pojknamn
Curt,5534.0,pojknamn
Clas,4246.0,pojknamn
Carlos,3399.0,pojknamn
Christofer,3073.0,pojknamn
Carl-Johan,2973.0,pojknamn
Colin,2508.0,pojknamn
Cristian,1784.0,pojknamn
Claes-Göran,1684.0,pojknamn
Calle,1489.0,pojknamn
Crister,1332.0,pojknamn
Cornelis,1227.0,pojknamn
Caspian,1213.0,pojknamn
Chris,1149.0,pojknamn
Cesar,1117.0,pojknamn
Conrad,1068.0,pojknamn
Constantin,879.0,pojknamn
Carl-Gustav,846.0,pojknamn
Carl-Erik,832.0,pojknamn
Clarence,788.0,pojknamn
Carl-Henrik,787.0,pojknamn
Sida 1 av 89,,pojknamn
Carsten,775.0,pojknamn
Christos,754.0,pojknamn
Carl-Gustaf,746.0,pojknamn
Claudio,735.0,pojknamn
Charbel,729.0,pojknamn
Carl-Axel,711.0,pojknamn
Claus,690.0,pojknamn
Carl-Magnus,631.0,pojknamn
Cornelius,621.0,pojknamn
Carl Johan,592.0,pojknamn
Carlo,588.0,pojknamn
Carl-Fredrik,579.0,pojknamn
Caesar,570.0,pojknamn
Collin,553.0,pojknamn
Can,532.0,pojknamn
Cristoffer,515.0,pojknamn
Clas-Göran,448.0,pojknamn
Camilo,439.0,pojknamn
Caspar,399.0,pojknamn
Claude,394.0,pojknamn
Carl-Olof,378.0,pojknamn
Christoph,342.0,pojknamn
Caj,340.0,pojknamn
Clifford,337.0,pojknamn
Ceasar,328.0,pojknamn
Clemens,328.0,pojknamn
Csaba,313.0,pojknamn
Carl-Eric,310.0,pojknamn
Chi,309.0,pojknamn
Cliff,275.0,pojknamn
Sida 2 av 89,,pojknamn
Carl-Gunnar,266.0,pojknamn
Cuong,253.0,pojknamn
Christophe,245.0,pojknamn
Cameron,235.0,pojknamn
Craig,234.0,pojknamn
Carl-Göran,233.0,pojknamn
Casimir,232.0,pojknamn
Catalin,228.0,pojknamn
Carl-Åke,213.0,pojknamn
Claes Göran,211.0,pojknamn
Cedric,202.0,pojknamn
Cyril,201.0,pojknamn
Curth,198.0,pojknamn
Cay,196.0,pojknamn
Cem,193.0,pojknamn
Cyrus,193.0,pojknamn
Calvin,192.0,pojknamn
Czeslaw,191.0,pojknamn
Cezary,191.0,pojknamn
Cristopher,190.0,pojknamn
Cenneth,185.0,pojknamn
Cristofer,177.0,pojknamn
Claes-Håkan,176.0,pojknamn
Carl-Oscar,174.0,pojknamn
Connie,169.0,pojknamn
Cevin,169.0,pojknamn
Carl Magnus,165.0,pojknamn
Cai,165.0,pojknamn
Chadi,164.0,pojknamn
Claudiu,161.0,pojknamn
Sida 3 av 89,,pojknamn
Diana,8647.0,flicknamn
Doris,8521.0,flicknamn
Dagmar,5291.0,flicknamn
Dagny,4768.0,flicknamn
Desirée,4596.0,flicknamn
Denise,3698.0,flicknamn
Daniela,3177.0,flicknamn
Daniella,3156.0,flicknamn
Del,2813.0,flicknamn
Disa,2039.0,flicknamn
Dorotea,1677.0,flicknamn
Dina,1415.0,flicknamn
Desiré,1296.0,flicknamn
Daisy,1220.0,flicknamn
De,1200.0,flicknamn
Danuta,1128.0,flicknamn
Dorota,1114.0,flicknamn
Dorothea,1064.0,flicknamn
Dana,928.0,flicknamn
Dalia,924.0,flicknamn
Danielle,848.0,flicknamn
Désirée,800.0,flicknamn
Desireé,755.0,flicknamn
Desideria,741.0,flicknamn
Dolores,735.0,flicknamn
Daria,712.0,flicknamn
Daga,693.0,flicknamn
Deborah,684.0,flicknamn
Denice,680.0,flicknamn
Dora,676.0,flicknamn
Sida 1 av 95,,flicknamn
Dania,597.0,flicknamn
Debora,592.0,flicknamn
Dragana,581.0,flicknamn
Dorothy,564.0,flicknamn
Danijela,533.0,flicknamn
Dominika,467.0,flicknamn
Desiree,456.0,flicknamn
Dima,451.0,flicknamn
Dragica,450.0,flicknamn
Ditte,449.0,flicknamn
Dalal,403.0,flicknamn
Dijana,395.0,flicknamn
Dahir,393.0,flicknamn
Dahlia,389.0,flicknamn
Diane,370.0,flicknamn
Dilan,363.0,flicknamn
Dominique,351.0,flicknamn
Danica,332.0,flicknamn
Destiny,327.0,flicknamn
Dilara,318.0,flicknamn
Deniz,304.0,flicknamn
Donna,298.0,flicknamn
Derya,283.0,flicknamn
Dimitra,271.0,flicknamn
Donya,270.0,flicknamn
Doaa,269.0,flicknamn
Delia,262.0,flicknamn
Daphne,254.0,flicknamn
Davida,254.0,flicknamn
Denize,246.0,flicknamn
Sida 2 av 95,,flicknamn
Dawood,234.0,flicknamn
Delina,231.0,flicknamn
Dunia,230.0,flicknamn
Darya,225.0,flicknamn
Duaa,222.0,flicknamn
Dorrit,221.0,flicknamn
Dolly,219.0,flicknamn
Dorthy,217.0,flicknamn
Dafina,213.0,flicknamn
Daniel,213.0,flicknamn
Dilek,210.0,flicknamn
Denisa,207.0,flicknamn
Dunya,205.0,flicknamn
Despina,202.0,flicknamn
Donia,193.0,flicknamn
Dalila,187.0,flicknamn
Dajana,187.0,flicknamn
Dawn,185.0,flicknamn
Dusanka,182.0,flicknamn
Darin,177.0,flicknamn
Dea,171.0,flicknamn
Dung,165.0,flicknamn
Dorit,159.0,flicknamn
Drita,158.0,flicknamn
Dalya,157.0,flicknamn
Desire,153.0,flicknamn
Danielsdotter,153.0,flicknamn
Da,152.0,flicknamn
Dagmara,151.0,flicknamn
Dorina,146.0,flicknamn
Sida 3 av 95,,flicknamn
Daniel,88853.0,pojknamn
David,55265.0,pojknamn
Dan,22707.0,pojknamn
Dennis,16844.0,pojknamn
Dick,5092.0,pojknamn
Douglas,4919.0,pojknamn
Dag,4328.0,pojknamn
Dante,2567.0,pojknamn
Donald,1765.0,pojknamn
Denis,1606.0,pojknamn
Dragan,1342.0,pojknamn
Didrik,1341.0,pojknamn
Dylan,1177.0,pojknamn
Dariusz,1095.0,pojknamn
Dexter,1071.0,pojknamn
Danny,1061.0,pojknamn
Dimitrios,1026.0,pojknamn
Dino,1009.0,pojknamn
Damian,980.0,pojknamn
Dejan,974.0,pojknamn
Diego,898.0,pojknamn
Dawid,863.0,pojknamn
Denny,816.0,pojknamn
Dominic,784.0,pojknamn
Dominik,757.0,pojknamn
Deniz,750.0,pojknamn
Damir,729.0,pojknamn
Dieter,688.0,pojknamn
Devin,664.0,pojknamn
Dario,639.0,pojknamn
Sida 1 av 95,,pojknamn
Dawit,603.0,pojknamn
Darko,562.0,pojknamn
Dani,562.0,pojknamn
Dahir,556.0,pojknamn
Danilo,553.0,pojknamn
Danial,512.0,pojknamn
Darin,505.0,pojknamn
Danijel,481.0,pojknamn
Duc,479.0,pojknamn
Dean,477.0,pojknamn
Darius,461.0,pojknamn
Damien,457.0,pojknamn
Dusan,453.0,pojknamn
De,419.0,pojknamn
Dawood,372.0,pojknamn
Don,351.0,pojknamn
Dimitri,351.0,pojknamn
Dion,324.0,pojknamn
Diyar,314.0,pojknamn
Dilan,310.0,pojknamn
Dana,303.0,pojknamn
Dirk,293.0,pojknamn
Derek,270.0,pojknamn
Daoud,267.0,pojknamn
Dorian,253.0,pojknamn
Denniz,253.0,pojknamn
Dominique,246.0,pojknamn
Dalibor,236.0,pojknamn
Davor,230.0,pojknamn
Duy,229.0,pojknamn
Sida 2 av 95,,pojknamn
Dane,216.0,pojknamn
Dung,213.0,pojknamn
Dinh,211.0,pojknamn
Diar,205.0,pojknamn
Daud,202.0,pojknamn
Dara,201.0,pojknamn
Daniele,201.0,pojknamn
Dumitru,196.0,pojknamn
Desmond,196.0,pojknamn
Davide,189.0,pojknamn
Drago,184.0,pojknamn
Dzevad,179.0,pojknamn
Driton,177.0,pojknamn
Dewin,174.0,pojknamn
Dong,173.0,pojknamn
Damon,172.0,pojknamn
Darian,172.0,pojknamn
Dany,163.0,pojknamn
Darren,163.0,pojknamn
Donny,159.0,pojknamn
Demir,159.0,pojknamn
Dimitris,159.0,pojknamn
Djordje,154.0,pojknamn
Dardan,153.0,pojknamn
Dmitri,152.0,pojknamn
Duncan,152.0,pojknamn
Detlef,151.0,pojknamn
Dmytro,147.0,pojknamn
Dave,146.0,pojknamn
Davood,145.0,pojknamn
Sida 3 av 95,,pojknamn
Elisabeth,208551.0,flicknamn
Eva,189701.0,flicknamn
Elisabet,129629.0,flicknamn
Emma,75047.0,flicknamn
Elin,61566.0,flicknamn
Elsa,45695.0,flicknamn
Emelie,28532.0,flicknamn
Ebba,27890.0,flicknamn
Emilia,27810.0,flicknamn
Ellen,27560.0,flicknamn
Erika,26978.0,flicknamn
Ella,21403.0,flicknamn
Evelina,18538.0,flicknamn
Elvira,17057.0,flicknamn
Ester,14805.0,flicknamn
Elise,13589.0,flicknamn
Ellinor,12782.0,flicknamn
Eleonora,11483.0,flicknamn
Ewa,10983.0,flicknamn
Eivor,10787.0,flicknamn
Elina,10328.0,flicknamn
Evy,8371.0,flicknamn
Erica,8191.0,flicknamn
Elsie,7863.0,flicknamn
Edith,7747.0,flicknamn
Emmy,7059.0,flicknamn
Elizabeth,6977.0,flicknamn
Edit,5635.0,flicknamn
Elena,5459.0,flicknamn
Elna,5188.0,flicknamn
Sida 1 av 136,,flicknamn
Eleonor,5148.0,flicknamn
Ellie,4148.0,flicknamn
Esther,4000.0,flicknamn
Elsy,3969.0,flicknamn
Elly,3915.0,flicknamn
Elinor,3901.0,flicknamn
Elvy,3756.0,flicknamn
Eva-Lena,3492.0,flicknamn
Emily,3200.0,flicknamn
Engla,3162.0,flicknamn
Emilie,3128.0,flicknamn
Evelyn,3123.0,flicknamn
Ethel,3008.0,flicknamn
Elisa,2858.0,flicknamn
Else,2733.0,flicknamn
Erna,2621.0,flicknamn
Eila,2218.0,flicknamn
Eira,2208.0,flicknamn
Emelia,2192.0,flicknamn
Eva-Britt,2165.0,flicknamn
Elma,2128.0,flicknamn
Estelle,2082.0,flicknamn
Elenor,2064.0,flicknamn
Elaine,2056.0,flicknamn
Eleonore,1949.0,flicknamn
Elzbieta,1849.0,flicknamn
Eugenia,1832.0,flicknamn
Eva-Lotta,1747.0,flicknamn
Emmie,1627.0,flicknamn
Eva-Marie,1618.0,flicknamn
Sida 2 av 136,,flicknamn
Embla,1581.0,flicknamn
Esmeralda,1535.0,flicknamn
Emmelie,1352.0,flicknamn
Emina,1321.0,flicknamn
Eija,1301.0,flicknamn
Edla,1299.0,flicknamn
Estrid,1234.0,flicknamn
Eeva,1183.0,flicknamn
Emy,1084.0,flicknamn
Enya,1077.0,flicknamn
Elli,1070.0,flicknamn
Elvi,1059.0,flicknamn
Else-Marie,1042.0,flicknamn
Eleni,977.0,flicknamn
Eriksdotter,886.0,flicknamn
Ellinore,873.0,flicknamn
Elida,855.0,flicknamn
Ellenor,840.0,flicknamn
Ewelina,815.0,flicknamn
Eliza,814.0,flicknamn
Emine,806.0,flicknamn
Eveline,798.0,flicknamn
Eva-Karin,775.0,flicknamn
Evelin,761.0,flicknamn
Ejvor,757.0,flicknamn
Elif,729.0,flicknamn
Edda,715.0,flicknamn
Emmi,694.0,flicknamn
Emeli,693.0,flicknamn
Eden,675.0,flicknamn
Sida 3 av 136,,flicknamn
Erik,297975.0,pojknamn
Emil,54746.0,pojknamn
Eric,34776.0,pojknamn
Elias,30148.0,pojknamn
Emanuel,29894.0,pojknamn
Edvin,17947.0,pojknamn
Evert,16115.0,pojknamn
Einar,15005.0,pojknamn
Ernst,10986.0,pojknamn
Elliot,9174.0,pojknamn
Edvard,8190.0,pojknamn
Erland,8168.0,pojknamn
Elis,7130.0,pojknamn
Erling,7050.0,pojknamn
Ebbe,6389.0,pojknamn
Edward,6214.0,pojknamn
Egon,5354.0,pojknamn
Eskil,5220.0,pojknamn
Eddie,5198.0,pojknamn
Edwin,4203.0,pojknamn
Evald,4083.0,pojknamn
Elof,3600.0,pojknamn
Elton,3044.0,pojknamn
Enar,2679.0,pojknamn
Emilio,2408.0,pojknamn
Eugen,2388.0,pojknamn
Elvis,2310.0,pojknamn
Elvin,2199.0,pojknamn
Edgar,1813.0,pojknamn
Elmer,1757.0,pojknamn
Sida 1 av 96,,pojknamn
Esbjörn,1660.0,pojknamn
Eduardo,1619.0,pojknamn
Enrique,1549.0,pojknamn
Erkki,1475.0,pojknamn
Ensio,1465.0,pojknamn
Emir,1440.0,pojknamn
Emmanuel,1315.0,pojknamn
Elliott,1286.0,pojknamn
Eugén,1272.0,pojknamn
Edmund,1180.0,pojknamn
Elon,1112.0,pojknamn
Edin,1111.0,pojknamn
Egil,1097.0,pojknamn
Eddy,1054.0,pojknamn
Eino,1025.0,pojknamn
Eje,1005.0,pojknamn
Eero,920.0,pojknamn
Enzo,888.0,pojknamn
Ernesto,864.0,pojknamn
Esa,858.0,pojknamn
Emin,854.0,pojknamn
Emad,849.0,pojknamn
Ejnar,826.0,pojknamn
Esko,820.0,pojknamn
Eilert,799.0,pojknamn
Eli,768.0,pojknamn
Emrik,709.0,pojknamn
Evan,701.0,pojknamn
Enes,700.0,pojknamn
Emre,680.0,pojknamn
Sida 2 av 96,,pojknamn
Eduard,666.0,pojknamn
Elvir,642.0,pojknamn
Elving,639.0,pojknamn
Erich,626.0,pojknamn
Elov,622.0,pojknamn
Eve,599.0,pojknamn
Esteban,585.0,pojknamn
Elia,568.0,pojknamn
Eddin,546.0,pojknamn
Efraim,546.0,pojknamn
Ebrahim,542.0,pojknamn
Ehsan,533.0,pojknamn
Erwin,502.0,pojknamn
Ebbot,498.0,pojknamn
Engelbrekt,472.0,pojknamn
El,462.0,pojknamn
Enver,450.0,pojknamn
Enok,448.0,pojknamn
Erhard,444.0,pojknamn
Elie,422.0,pojknamn
Ernest,417.0,pojknamn
Elijah,410.0,pojknamn
Elwin,408.0,pojknamn
Eldin,403.0,pojknamn
Ervin,394.0,pojknamn
Ellert,383.0,pojknamn
Esaias,369.0,pojknamn
Erick,352.0,pojknamn
Einari,348.0,pojknamn
Elian,347.0,pojknamn
Sida 3 av 96,,pojknamn
Frida,30503.0,flicknamn
Felicia,22209.0,flicknamn
Filippa,10782.0,flicknamn
Fanny,10702.0,flicknamn
Freja,7425.0,flicknamn
Fredrika,6755.0,flicknamn
Fatima,5804.0,flicknamn
Florence,2264.0,flicknamn
Frideborg,1863.0,flicknamn
Fatma,1651.0,flicknamn
Fatemeh,1461.0,flicknamn
Farah,1431.0,flicknamn
Flora,1122.0,flicknamn
Fadumo,1092.0,flicknamn
Fia,986.0,flicknamn
Freya,927.0,flicknamn
Fiona,872.0,flicknamn
Fatema,840.0,flicknamn
Frances,634.0,flicknamn
Francesca,583.0,flicknamn
Fernanda,541.0,flicknamn
Farida,524.0,flicknamn
Francisca,515.0,flicknamn
Faten,508.0,flicknamn
Fatou,469.0,flicknamn
Fredrica,457.0,flicknamn
Fariba,403.0,flicknamn
Fartun,402.0,flicknamn
Fadia,388.0,flicknamn
Franziska,384.0,flicknamn
Sida 1 av 81,,flicknamn
Fatimah,380.0,flicknamn
Fahima,364.0,flicknamn
Faiza,360.0,flicknamn
Florentina,359.0,flicknamn
Fatime,358.0,flicknamn
Faduma,357.0,flicknamn
Febe,341.0,flicknamn
Fideli,338.0,flicknamn
Fannie,333.0,flicknamn
Felizia,313.0,flicknamn
Farzaneh,295.0,flicknamn
Felice,292.0,flicknamn
Fredriksdotter,286.0,flicknamn
Farhiya,285.0,flicknamn
Fabiola,284.0,flicknamn
Frieda,283.0,flicknamn
Farideh,280.0,flicknamn
Fatuma,276.0,flicknamn
Faith,270.0,flicknamn
Feven,265.0,flicknamn
Filiz,264.0,flicknamn
Farhan,259.0,flicknamn
Franciska,245.0,flicknamn
Fatme,242.0,flicknamn
Fardowsa,241.0,flicknamn
Fereshteh,240.0,flicknamn
Fadhil,235.0,flicknamn
Fadila,228.0,flicknamn
Faisal,219.0,flicknamn
Feride,214.0,flicknamn
Sida 2 av 81,,flicknamn
Fina,213.0,flicknamn
Farzana,207.0,flicknamn
Fouad,202.0,flicknamn
Farhiyo,201.0,flicknamn
Francoise,198.0,flicknamn
Fathi,193.0,flicknamn
Francine,187.0,flicknamn
Farhia,185.0,flicknamn
Faisa,176.0,flicknamn
Ferial,169.0,flicknamn
Friederike,167.0,flicknamn
Fadime,165.0,flicknamn
Firas,163.0,flicknamn
Francis,161.0,flicknamn
Freyja,158.0,flicknamn
Fatiha,146.0,flicknamn
Freija,144.0,flicknamn
Franka,143.0,flicknamn
Fikreta,143.0,flicknamn
Faraj,143.0,flicknamn
Farahnaz,143.0,flicknamn
Freweini,142.0,flicknamn
Fawzia,140.0,flicknamn
Florina,138.0,flicknamn
Flor,136.0,flicknamn
Fawzi,136.0,flicknamn
Fanni,135.0,flicknamn
Falah,135.0,flicknamn
Faye,134.0,flicknamn
Fatoumata,134.0,flicknamn
Sida 3 av 81,,flicknamn
Fredrik,96376.0,pojknamn
Filip,27364.0,pojknamn
Folke,17410.0,pojknamn
Felix,14426.0,pojknamn
Frank,9620.0,pojknamn
Frans,8096.0,pojknamn
Fabian,6234.0,pojknamn
Fred,3724.0,pojknamn
Fritz,3096.0,pojknamn
Fredric,2319.0,pojknamn
Ferdinand,2030.0,pojknamn
Fadi,1829.0,pojknamn
Franz,1725.0,pojknamn
Fernando,1574.0,pojknamn
Francisco,1568.0,pojknamn
Finn,1475.0,pojknamn
Freddy,1460.0,pojknamn
Francis,1144.0,pojknamn
Frej,1076.0,pojknamn
Freddie,1057.0,pojknamn
Fritiof,1015.0,pojknamn
Farhad,864.0,pojknamn
Felipe,849.0,pojknamn
Firas,833.0,pojknamn
Faisal,825.0,pojknamn
Farid,822.0,pojknamn
Frederik,798.0,pojknamn
Florian,777.0,pojknamn
Fouad,760.0,pojknamn
Fredrick,705.0,pojknamn
Sida 1 av 63,,pojknamn
Farhan,668.0,pojknamn
Farah,625.0,pojknamn
Ferenc,612.0,pojknamn
Francesco,588.0,pojknamn
Friedrich,569.0,pojknamn
Fuad,563.0,pojknamn
Feras,561.0,pojknamn
Fritjof,544.0,pojknamn
Fares,532.0,pojknamn
Flemming,492.0,pojknamn
Frederick,466.0,pojknamn
Faruk,459.0,pojknamn
Florin,456.0,pojknamn
Faris,454.0,pojknamn
Fridolf,448.0,pojknamn
Frode,447.0,pojknamn
Fahad,440.0,pojknamn
Francois,399.0,pojknamn
Fadil,348.0,pojknamn
Franco,341.0,pojknamn
Franciszek,336.0,pojknamn
Fadhil,326.0,pojknamn
Filmon,325.0,pojknamn
Federico,316.0,pojknamn
Falah,309.0,pojknamn
Fabio,302.0,pojknamn
Fawzi,294.0,pojknamn
Fatih,294.0,pojknamn
Fingal,292.0,pojknamn
Faraj,283.0,pojknamn
Sida 2 av 63,,pojknamn
Farzad,278.0,pojknamn
Filiph,278.0,pojknamn
Frederic,277.0,pojknamn
Faysal,269.0,pojknamn
Fikret,264.0,pojknamn
Fadel,262.0,pojknamn
Franklin,253.0,pojknamn
Fayez,243.0,pojknamn
Farouk,242.0,pojknamn
Frits,239.0,pojknamn
Firat,232.0,pojknamn
Fathi,230.0,pojknamn
Fatmir,222.0,pojknamn
Ferhat,221.0,pojknamn
Fride,219.0,pojknamn
Faik,218.0,pojknamn
Frithiof,214.0,pojknamn
Fahed,205.0,pojknamn
Fahim,200.0,pojknamn
Fawaz,197.0,pojknamn
Fehmi,196.0,pojknamn
Filipe,189.0,pojknamn
Faiz,184.0,pojknamn
Fahmi,173.0,pojknamn
Furkan,171.0,pojknamn
Foad,170.0,pojknamn
Ferid,155.0,pojknamn
Fidel,153.0,pojknamn
Farshad,151.0,pojknamn
Franciscus,150.0,pojknamn
Sida 3 av 63,,pojknamn
Gunilla,52634.0,flicknamn
Gun,30456.0,flicknamn
Gunnel,22463.0,flicknamn
Gerd,19622.0,flicknamn
Gunvor,14779.0,flicknamn
Gudrun,14223.0,flicknamn
Greta,12134.0,flicknamn
Gabriella,11886.0,flicknamn
Gunhild,9570.0,flicknamn
Gertrud,9349.0,flicknamn
Gunborg,8238.0,flicknamn
Gun-Britt,6600.0,flicknamn
Gerda,3837.0,flicknamn
Gulli,2658.0,flicknamn
Gisela,2590.0,flicknamn
Gull-Britt,2223.0,flicknamn
Göta,2079.0,flicknamn
Gunn,2063.0,flicknamn
Gunbritt,2041.0,flicknamn
Gabriela,1957.0,flicknamn
Gurli,1889.0,flicknamn
Gullan,1845.0,flicknamn
Grace,1641.0,flicknamn
Görel,1377.0,flicknamn
Gabrielle,1372.0,flicknamn
Gina,1290.0,flicknamn
Gullvi,1172.0,flicknamn
Gloria,1163.0,flicknamn
Gunni,1011.0,flicknamn
Gertie,964.0,flicknamn
Sida 1 av 100,,flicknamn
Grazyna,939.0,flicknamn
Gull,930.0,flicknamn
Gry,840.0,flicknamn
Gullbritt,830.0,flicknamn
Git,715.0,flicknamn
Gunnarsdotter,694.0,flicknamn
Gordana,676.0,flicknamn
Gärd,665.0,flicknamn
Gun-Marie,654.0,flicknamn
Gitte,571.0,flicknamn
Gunn-Britt,570.0,flicknamn
Gladys,551.0,flicknamn
Grethe,549.0,flicknamn
Gill,533.0,flicknamn
Ghada,523.0,flicknamn
Georgina,514.0,flicknamn
Galina,496.0,flicknamn
Grete,479.0,flicknamn
Gabriele,454.0,flicknamn
Georgia,446.0,flicknamn
Gustava,439.0,flicknamn
Gunda,435.0,flicknamn
Gunlög,422.0,flicknamn
Göransdotter,415.0,flicknamn
Gerty,397.0,flicknamn
Ghazal,364.0,flicknamn
Gunvi,352.0,flicknamn
Gullevi,343.0,flicknamn
Gull-Maj,305.0,flicknamn
Gunny,300.0,flicknamn
Sida 2 av 100,,flicknamn
Graciela,288.0,flicknamn
Gördis,288.0,flicknamn
Gith,276.0,flicknamn
Genet,269.0,flicknamn
Gittan,267.0,flicknamn
Gretel,265.0,flicknamn
Gun-Mari,264.0,flicknamn
Geraldine,259.0,flicknamn
Gully,257.0,flicknamn
Giovanna,253.0,flicknamn
Ginger,245.0,flicknamn
Georgette,234.0,flicknamn
Gro,227.0,flicknamn
Giulia,226.0,flicknamn
Gul,208.0,flicknamn
Gunnie,202.0,flicknamn
Guadalupe,193.0,flicknamn
George,192.0,flicknamn
Gaby,186.0,flicknamn
Gita,183.0,flicknamn
Gun-Inger,178.0,flicknamn
Gilda,170.0,flicknamn
Gunnevi,168.0,flicknamn
Gun-Lis,165.0,flicknamn
Gia,165.0,flicknamn
Gertrude,165.0,flicknamn
Gerti,162.0,flicknamn
Georgiana,150.0,flicknamn
Gemma,148.0,flicknamn
Grethel,144.0,flicknamn
Sida 3 av 100,,flicknamn
Gunnar,104629.0,pojknamn
Gustav,83603.0,pojknamn
Göran,79864.0,pojknamn
Gustaf,37988.0,pojknamn
Gösta,26347.0,pojknamn
Gabriel,19149.0,pojknamn
Georg,18764.0,pojknamn
Göte,10898.0,pojknamn
Gert,9611.0,pojknamn
George,6406.0,pojknamn
Gerhard,5739.0,pojknamn
Glenn,5438.0,pojknamn
Greger,2960.0,pojknamn
Gottfrid,2642.0,pojknamn
Gilbert,1987.0,pojknamn
Gillis,1863.0,pojknamn
Georgios,1595.0,pojknamn
Grzegorz,1482.0,pojknamn
Goran,1372.0,pojknamn
Gordon,1060.0,pojknamn
Georges,957.0,pojknamn
Gideon,939.0,pojknamn
Görgen,935.0,pojknamn
Gotthard,928.0,pojknamn
Guy,908.0,pojknamn
Giovanni,801.0,pojknamn
Gary,727.0,pojknamn
Gunder,718.0,pojknamn
Gusten,716.0,pojknamn
Ghassan,696.0,pojknamn
Sida 1 av 86,,pojknamn
Guillermo,586.0,pojknamn
Gerry,575.0,pojknamn
Gerard,570.0,pojknamn
Gregor,539.0,pojknamn
Gustavo,518.0,pojknamn
Gerth,509.0,pojknamn
Günter,501.0,pojknamn
Gudmund,495.0,pojknamn
Göthe,464.0,pojknamn
Giuseppe,459.0,pojknamn
Gheorghe,427.0,pojknamn
Grim,407.0,pojknamn
Günther,399.0,pojknamn
Gabor,395.0,pojknamn
Glen,389.0,pojknamn
Gerald,377.0,pojknamn
Gregory,370.0,pojknamn
Gholam,362.0,pojknamn
Gunnarsson,358.0,pojknamn
Gonzalo,345.0,pojknamn
Gaston,338.0,pojknamn
Germund,333.0,pojknamn
Gino,332.0,pojknamn
Ghazi,330.0,pojknamn
Geir,314.0,pojknamn
Graham,306.0,pojknamn
Gunde,296.0,pojknamn
Ghaith,284.0,pojknamn
György,260.0,pojknamn
Gerardo,248.0,pojknamn
Sida 2 av 86,,pojknamn
Gunno,239.0,pojknamn
Gert-Ove,221.0,pojknamn
Gyula,215.0,pojknamn
Gabi,214.0,pojknamn
Guled,214.0,pojknamn
Geoffrey,211.0,pojknamn
German,211.0,pojknamn
Guido,204.0,pojknamn
Gunne,195.0,pojknamn
Ghulam,194.0,pojknamn
Georgi,191.0,pojknamn
Gökhan,189.0,pojknamn
Goitom,188.0,pojknamn
Giorgio,186.0,pojknamn
Guillaume,172.0,pojknamn
Gert-Inge,172.0,pojknamn
Gullmar,165.0,pojknamn
Gavin,162.0,pojknamn
Gunvald,157.0,pojknamn
Gerardus,156.0,pojknamn
Gia,152.0,pojknamn
Gábor,149.0,pojknamn
Ghazwan,140.0,pojknamn
Gert-Åke,137.0,pojknamn
Grant,133.0,pojknamn
Gholamreza,132.0,pojknamn
Gorm,130.0,pojknamn
Garry,127.0,pojknamn
Gamal,127.0,pojknamn
Gazmend,127.0,pojknamn
Sida 3 av 86,,pojknamn
Helena,82149.0,flicknamn
Hanna,50495.0,flicknamn
Helen,20629.0,flicknamn
Helene,15743.0,flicknamn
Helén,8848.0,flicknamn
Harriet,8110.0,flicknamn
Hilda,7910.0,flicknamn
Hillevi,6894.0,flicknamn
Hedvig,6022.0,flicknamn
Hannah,5589.0,flicknamn
Heléne,5189.0,flicknamn
Hilma,4920.0,flicknamn
Helga,4285.0,flicknamn
Hannele,4141.0,flicknamn
Hjördis,3934.0,flicknamn
Henrietta,3432.0,flicknamn
Heidi,3381.0,flicknamn
Hedda,3284.0,flicknamn
Hassan,3035.0,flicknamn
Hildegard,2466.0,flicknamn
Hussein,2460.0,flicknamn
Henny,2205.0,flicknamn
Hildur,2068.0,flicknamn
Hulda,1807.0,flicknamn
Hanan,1537.0,flicknamn
Henriette,1365.0,flicknamn
Hala,1349.0,flicknamn
Hana,1284.0,flicknamn
Hanne,1161.0,flicknamn
Hasan,1135.0,flicknamn
Sida 1 av 117,,flicknamn
Huda,1047.0,flicknamn
Hiba,966.0,flicknamn
Halina,907.0,flicknamn
Hilkka,894.0,flicknamn
Halima,886.0,flicknamn
Hailey,857.0,flicknamn
Helmi,841.0,flicknamn
Holly,776.0,flicknamn
Hilde,750.0,flicknamn
Hellevi,691.0,flicknamn
Hermine,690.0,flicknamn
Helin,681.0,flicknamn
Heba,672.0,flicknamn
Herta,656.0,flicknamn
Heli,620.0,flicknamn
Hayat,604.0,flicknamn
Hamdi,575.0,flicknamn
Hilja,560.0,flicknamn
Hansdotter,548.0,flicknamn
Heléna,547.0,flicknamn
Hawa,546.0,flicknamn
Helle,542.0,flicknamn
Hong,534.0,flicknamn
Hani,523.0,flicknamn
Hodan,520.0,flicknamn
Hatice,519.0,flicknamn
Hanaa,499.0,flicknamn
Hoda,496.0,flicknamn
Helené,491.0,flicknamn
Helny,486.0,flicknamn
Sida 2 av 117,,flicknamn
Huong,436.0,flicknamn
Havanna,436.0,flicknamn
Hanin,427.0,flicknamn
Hafsa,426.0,flicknamn
Héléne,425.0,flicknamn
Habiba,416.0,flicknamn
Hedwig,406.0,flicknamn
Halimo,395.0,flicknamn
Haji,392.0,flicknamn
Helinä,386.0,flicknamn
Hamid,382.0,flicknamn
Hellen,377.0,flicknamn
Henrika,373.0,flicknamn
Helvi,370.0,flicknamn
Hee,370.0,flicknamn
Hadi,347.0,flicknamn
Hadil,346.0,flicknamn
Ha,345.0,flicknamn
Hope,342.0,flicknamn
Hind,336.0,flicknamn
Hawo,322.0,flicknamn
Hibo,314.0,flicknamn
Hameed,314.0,flicknamn
Hertha,311.0,flicknamn
Helfrid,311.0,flicknamn
Haya,306.0,flicknamn
Hannelore,298.0,flicknamn
Houda,292.0,flicknamn
Hoa,291.0,flicknamn
Hamida,288.0,flicknamn
Sida 3 av 117,,flicknamn
Hans,117574.0,pojknamn
Henrik,61137.0,pojknamn
Håkan,52510.0,pojknamn
Hugo,31023.0,pojknamn
Henry,21214.0,pojknamn
Harry,19874.0,pojknamn
Harald,14443.0,pojknamn
Hampus,13108.0,pojknamn
Helge,9904.0,pojknamn
Hjalmar,9508.0,pojknamn
Holger,9104.0,pojknamn
Herman,8372.0,pojknamn
Hassan,8343.0,pojknamn
Henning,8130.0,pojknamn
Hannes,6728.0,pojknamn
Hussein,6430.0,pojknamn
Herbert,5725.0,pojknamn
Hilding,5165.0,pojknamn
Helmer,4423.0,pojknamn
Hasan,3779.0,pojknamn
Henric,3056.0,pojknamn
Hamza,2167.0,pojknamn
Hamid,2147.0,pojknamn
Hasse,1908.0,pojknamn
Hadi,1502.0,pojknamn
Hans-Erik,1495.0,pojknamn
Hubert,1480.0,pojknamn
Hossein,1451.0,pojknamn
Heikki,1367.0,pojknamn
Hannu,1154.0,pojknamn
Sida 1 av 118,,pojknamn
Hilmer,1079.0,pojknamn
Hector,1058.0,pojknamn
Henri,1051.0,pojknamn
Harri,1019.0,pojknamn
Hanna,1011.0,pojknamn
Heinz,989.0,pojknamn
Habib,988.0,pojknamn
Hussain,984.0,pojknamn
Hans-Olof,900.0,pojknamn
Haris,895.0,pojknamn
Hamed,873.0,pojknamn
Hani,797.0,pojknamn
Haidar,778.0,pojknamn
Hardy,760.0,pojknamn
Hans-Åke,719.0,pojknamn
Hermann,666.0,pojknamn
Hendrik,650.0,pojknamn
Haider,628.0,pojknamn
Harley,626.0,pojknamn
Henryk,623.0,pojknamn
Halvar,591.0,pojknamn
Heinrich,564.0,pojknamn
Helmut,560.0,pojknamn
Hans-Göran,558.0,pojknamn
Hashim,555.0,pojknamn
Husein,546.0,pojknamn
Hussam,516.0,pojknamn
Halil,512.0,pojknamn
Halvard,500.0,pojknamn
Hüseyin,493.0,pojknamn
Sida 2 av 118,,pojknamn
Horst,480.0,pojknamn
Hung,476.0,pojknamn
Haitham,473.0,pojknamn
Hayder,458.0,pojknamn
Hans-Olov,439.0,pojknamn
Haji,433.0,pojknamn
Harun,423.0,pojknamn
Hernan,411.0,pojknamn
Hans Erik,407.0,pojknamn
Hazem,406.0,pojknamn
Hakim,402.0,pojknamn
Hisham,397.0,pojknamn
Husam,397.0,pojknamn
Haile,393.0,pojknamn
Hameed,386.0,pojknamn
Hoang,374.0,pojknamn
Hadar,367.0,pojknamn
Henok,361.0,pojknamn
Hakan,359.0,pojknamn
Haydar,358.0,pojknamn
Hashem,339.0,pojknamn
H,337.0,pojknamn
Hemming,334.0,pojknamn
Humberto,322.0,pojknamn
Habtom,314.0,pojknamn
Hartvig,308.0,pojknamn
Hamad,297.0,pojknamn
Hanad,296.0,pojknamn
Hatem,282.0,pojknamn
Hektor,274.0,pojknamn
Sida 3 av 118,,pojknamn
Ingrid,114011.0,flicknamn
Inger,70297.0,flicknamn
Ida,52352.0,flicknamn
Irene,41950.0,flicknamn
Ingegerd,32409.0,flicknamn
Inga,26526.0,flicknamn
Ingeborg,23801.0,flicknamn
Ingela,19801.0,flicknamn
Ingegärd,18046.0,flicknamn
Isabelle,15453.0,flicknamn
Isabella,15034.0,flicknamn
Iris,11725.0,flicknamn
Iréne,11635.0,flicknamn
Inga-Lill,10192.0,flicknamn
Irma,8225.0,flicknamn
Inez,7296.0,flicknamn
Isabell,7010.0,flicknamn
Ingalill,6664.0,flicknamn
Isabel,5818.0,flicknamn
Ing-Marie,4840.0,flicknamn
Inga-Britt,4422.0,flicknamn
Ines,3561.0,flicknamn
Ing-Britt,3418.0,flicknamn
Ilona,2600.0,flicknamn
Isa,2559.0,flicknamn
Ibrahim,2416.0,flicknamn
Ina,2136.0,flicknamn
Ingvor,2019.0,flicknamn
Irina,1987.0,flicknamn
Izabella,1957.0,flicknamn
Sida 1 av 74,,flicknamn
Inkeri,1840.0,flicknamn
Iman,1839.0,flicknamn
Irmeli,1796.0,flicknamn
Ing-Mari,1527.0,flicknamn
Ingbritt,1500.0,flicknamn
Idun,1480.0,flicknamn
Inga-Maj,1436.0,flicknamn
Ilse,1426.0,flicknamn
Irena,1402.0,flicknamn
Irja,1357.0,flicknamn
Irené,1290.0,flicknamn
Inga-Lisa,1266.0,flicknamn
Izabelle,1124.0,flicknamn
Inga-Lena,1038.0,flicknamn
Isolde,1011.0,flicknamn
Iwona,943.0,flicknamn
Ivana,932.0,flicknamn
Izabela,839.0,flicknamn
Irén,834.0,flicknamn
Ismail,830.0,flicknamn
Ingmarie,723.0,flicknamn
Iren,663.0,flicknamn
Ia,633.0,flicknamn
Ingmari,615.0,flicknamn
Indra,605.0,flicknamn
Iza,551.0,flicknamn
Isadora,549.0,flicknamn
Ingemo,521.0,flicknamn
Izabell,509.0,flicknamn
Israa,499.0,flicknamn
Sida 2 av 74,,flicknamn
Isra,485.0,flicknamn
Inge,480.0,flicknamn
Iva,453.0,flicknamn
Indira,425.0,flicknamn
Ioana,404.0,flicknamn
Ilham,381.0,flicknamn
Irmgard,380.0,flicknamn
Ingar,353.0,flicknamn
Ifrah,345.0,flicknamn
Iryna,341.0,flicknamn
Ibtisam,335.0,flicknamn
Inna,323.0,flicknamn
Ismael,322.0,flicknamn
Issa,307.0,flicknamn
Idil,292.0,flicknamn
Ida-Maria,292.0,flicknamn
Ildiko,290.0,flicknamn
Imad,288.0,flicknamn
Inga-Lis,285.0,flicknamn
Inga-Britta,282.0,flicknamn
Irmelin,280.0,flicknamn
Ivy,276.0,flicknamn
Ioanna,266.0,flicknamn
Ingemarsdotter,260.0,flicknamn
Inas,258.0,flicknamn
Ikram,255.0,flicknamn
Ingert,252.0,flicknamn
Iqra,244.0,flicknamn
Ivonne,235.0,flicknamn
Intisar,231.0,flicknamn
Sida 3 av 74,,flicknamn
Ingemar,56038.0,pojknamn
Ingvar,37277.0,pojknamn
Ivar,19990.0,pojknamn
Inge,17322.0,pojknamn
Isak,15511.0,pojknamn
Ivan,11968.0,pojknamn
Ibrahim,9438.0,pojknamn
Ingmar,6879.0,pojknamn
Isac,4905.0,pojknamn
Ismail,2953.0,pojknamn
Ian,2295.0,pojknamn
Ilmari,2007.0,pojknamn
Isaac,1853.0,pojknamn
Isidor,1653.0,pojknamn
Igor,1430.0,pojknamn
Imad,1151.0,pojknamn
Issa,1144.0,pojknamn
Istvan,896.0,pojknamn
Ioannis,885.0,pojknamn
Ismael,875.0,pojknamn
Idris,823.0,pojknamn
Isa,701.0,pojknamn
Imran,692.0,pojknamn
Ilyas,616.0,pojknamn
Ismet,604.0,pojknamn
Imre,571.0,pojknamn
Ignacio,564.0,pojknamn
Ingvald,543.0,pojknamn
Ioan,485.0,pojknamn
Issam,449.0,pojknamn
Sida 1 av 47,,pojknamn
Ivo,431.0,pojknamn
Ilias,430.0,pojknamn
Ishak,428.0,pojknamn
Ingolf,384.0,pojknamn
Islam,382.0,pojknamn
Ion,367.0,pojknamn
Ivica,365.0,pojknamn
Irfan,357.0,pojknamn
Immanuel,350.0,pojknamn
Ilija,347.0,pojknamn
Israel,343.0,pojknamn
Isam,339.0,pojknamn
Ihsan,337.0,pojknamn
Ilkka,336.0,pojknamn
Ionut,318.0,pojknamn
Ib,314.0,pojknamn
Ismo,297.0,pojknamn
Ihab,294.0,pojknamn
Iyad,274.0,pojknamn
Ilir,257.0,pojknamn
Ingo,253.0,pojknamn
Isse,247.0,pojknamn
Iwan,238.0,pojknamn
Iman,238.0,pojknamn
Ingemund,234.0,pojknamn
I,226.0,pojknamn
Ireneusz,222.0,pojknamn
Ilari,207.0,pojknamn
Ingeman,189.0,pojknamn
Isaak,180.0,pojknamn
Sida 2 av 47,,pojknamn
Izet,177.0,pojknamn
Ilja,171.0,pojknamn
Ibraheem,170.0,pojknamn
Iulian,169.0,pojknamn
Ilpo,166.0,pojknamn
Ilia,165.0,pojknamn
Ilya,157.0,pojknamn
Ilhan,154.0,pojknamn
Ibrahem,144.0,pojknamn
Izak,143.0,pojknamn
Ivanov,141.0,pojknamn
Ilon,139.0,pojknamn
Iisakki,139.0,pojknamn
Iggy,135.0,pojknamn
Ishaq,132.0,pojknamn
Iqbal,128.0,pojknamn
István,128.0,pojknamn
Ionel,120.0,pojknamn
Idriz,119.0,pojknamn
Ilmar,118.0,pojknamn
Irving,114.0,pojknamn
Isaiah,111.0,pojknamn
Ingevald,110.0,pojknamn
Iraj,110.0,pojknamn
Ingbert,109.0,pojknamn
Ilie,99.0,pojknamn
Iain,96.0,pojknamn
Iosif,95.0,pojknamn
Ive,94.0,pojknamn
Iskender,88.0,pojknamn
Sida 3 av 47,,pojknamn
Johanna,73065.0,flicknamn
Jenny,47421.0,flicknamn
Julia,39694.0,flicknamn
Jessica,26475.0,flicknamn
Josefin,21610.0,flicknamn
Josefine,18543.0,flicknamn
Jeanette,16638.0,flicknamn
Jennifer,12343.0,flicknamn
Jennie,11440.0,flicknamn
Josefina,8597.0,flicknamn
Jane,6829.0,flicknamn
Jonna,5718.0,flicknamn
Joanna,5207.0,flicknamn
Josephine,4887.0,flicknamn
Jasmine,4788.0,flicknamn
Juni,3097.0,flicknamn
Janet,2909.0,flicknamn
Judith,2789.0,flicknamn
Joline,2626.0,flicknamn
Jasmin,2516.0,flicknamn
Julie,2401.0,flicknamn
Jill,2357.0,flicknamn
Jacqueline,2060.0,flicknamn
Janina,1919.0,flicknamn
Jessika,1836.0,flicknamn
Judit,1758.0,flicknamn
Jana,1542.0,flicknamn
Jasmina,1465.0,flicknamn
Jelena,1418.0,flicknamn
Jenni,1409.0,flicknamn
Sida 1 av 99,,flicknamn
Jaana,1394.0,flicknamn
Juliana,1279.0,flicknamn
Jolanta,1275.0,flicknamn
Joy,1181.0,flicknamn
Johanne,962.0,flicknamn
Jadwiga,960.0,flicknamn
Justina,892.0,flicknamn
Janette,848.0,flicknamn
June,841.0,flicknamn
Jamila,796.0,flicknamn
Jenna,738.0,flicknamn
Junie,690.0,flicknamn
Juliette,675.0,flicknamn
Jean,675.0,flicknamn
Jeannette,643.0,flicknamn
Juno,643.0,flicknamn
Justyna,631.0,flicknamn
Jannike,621.0,flicknamn
Jamal,605.0,flicknamn
Jaqueline,585.0,flicknamn
Janna,573.0,flicknamn
Joan,556.0,flicknamn
Jannica,540.0,flicknamn
Jessie,500.0,flicknamn
Joyce,486.0,flicknamn
Jeanne,473.0,flicknamn
Jansdotter,469.0,flicknamn
Jolie,432.0,flicknamn
Jolin,401.0,flicknamn
Jama,401.0,flicknamn
Sida 2 av 99,,flicknamn
Johansdotter,389.0,flicknamn
Julianna,379.0,flicknamn
Jasim,365.0,flicknamn
Juli,358.0,flicknamn
Jade,358.0,flicknamn
Junis,356.0,flicknamn
Jabbar,354.0,flicknamn
Jasminka,346.0,flicknamn
Jin,332.0,flicknamn
Jorunn,331.0,flicknamn
Jennica,327.0,flicknamn
Jing,326.0,flicknamn
Janeth,325.0,flicknamn
Jannice,323.0,flicknamn
Jolina,321.0,flicknamn
Jutta,313.0,flicknamn
Jackie,310.0,flicknamn
Jannika,305.0,flicknamn
Juana,297.0,flicknamn
Jovana,296.0,flicknamn
Jolene,294.0,flicknamn
Janni,293.0,flicknamn
Juliet,291.0,flicknamn
Jonasdotter,285.0,flicknamn
Junia,282.0,flicknamn
Janine,282.0,flicknamn
Jytte,279.0,flicknamn
Jihan,273.0,flicknamn
Jawad,266.0,flicknamn
Joni,264.0,flicknamn
Sida 3 av 99,,flicknamn
Johan,174226.0,pojknamn
Jan,127430.0,pojknamn
John,68632.0,pojknamn
Jonas,60875.0,pojknamn
Joakim,39422.0,pojknamn
Johannes,32336.0,pojknamn
Jörgen,28741.0,pojknamn
Jonathan,23202.0,pojknamn
Jesper,21140.0,pojknamn
Joel,20766.0,pojknamn
Jens,18336.0,pojknamn
Jimmy,17741.0,pojknamn
Jakob,14808.0,pojknamn
Jacob,14046.0,pojknamn
Johnny,11994.0,pojknamn
Josef,11070.0,pojknamn
Jonny,10461.0,pojknamn
Juhani,9438.0,pojknamn
Jonatan,7917.0,pojknamn
Jack,7783.0,pojknamn
Jan-Erik,7210.0,pojknamn
James,7025.0,pojknamn
Julius,6807.0,pojknamn
Jon,6391.0,pojknamn
Jim,6275.0,pojknamn
Jerry,5892.0,pojknamn
Joachim,5496.0,pojknamn
Julian,3905.0,pojknamn
Jan-Olof,3759.0,pojknamn
Joseph,3759.0,pojknamn
Sida 1 av 109,,pojknamn
Joacim,3588.0,pojknamn
Jarl,3471.0,pojknamn
Jean,3050.0,pojknamn
Jerker,2705.0,pojknamn
Juan,2647.0,pojknamn
Junior,2557.0,pojknamn
Jari,2462.0,pojknamn
Jan-Åke,2419.0,pojknamn
José,2270.0,pojknamn
Jimmie,2103.0,pojknamn
Jamal,2103.0,pojknamn
Janne,1809.0,pojknamn
Jose,1782.0,pojknamn
Juha,1770.0,pojknamn
Jorge,1568.0,pojknamn
Jan-Olov,1480.0,pojknamn
Jamie,1469.0,pojknamn
Jason,1368.0,pojknamn
Joar,1351.0,pojknamn
Jan Erik,1297.0,pojknamn
Joshua,1262.0,pojknamn
Javier,1237.0,pojknamn
Jorma,1222.0,pojknamn
Jakub,1193.0,pojknamn
Jarmo,1136.0,pojknamn
Jerzy,1079.0,pojknamn
Jacek,1066.0,pojknamn
Jozef,1047.0,pojknamn
Johann,1010.0,pojknamn
Jukka,973.0,pojknamn
Sida 2 av 109,,pojknamn
Jani,893.0,pojknamn
Jamil,888.0,pojknamn
Jan-Eric,888.0,pojknamn
Jan-Ove,841.0,pojknamn
Jalal,825.0,pojknamn
Jawad,820.0,pojknamn
Johny,814.0,pojknamn
Jürgen,803.0,pojknamn
Jaakko,799.0,pojknamn
Janusz,773.0,pojknamn
Janos,772.0,pojknamn
Jouni,765.0,pojknamn
Jaroslaw,730.0,pojknamn
Jouko,715.0,pojknamn
Jordan,705.0,pojknamn
Justin,676.0,pojknamn
Jan Olof,664.0,pojknamn
Jesus,657.0,pojknamn
Jasmin,653.0,pojknamn
Jan Åke,647.0,pojknamn
Julio,621.0,pojknamn
Jöns,613.0,pojknamn
Jaime,601.0,pojknamn
Jeff,588.0,pojknamn
Josip,555.0,pojknamn
Jussi,553.0,pojknamn
Joe,547.0,pojknamn
Jozsef,545.0,pojknamn
Jasim,530.0,pojknamn
Jacques,529.0,pojknamn
Sida 3 av 109,,pojknamn
Kristina,168407.0,flicknamn
Karin,153764.0,flicknamn
Kerstin,84137.0,flicknamn
Katarina,49112.0,flicknamn
Karolina,21537.0,flicknamn
Kristin,15657.0,flicknamn
Klara,15319.0,flicknamn
Kajsa,11713.0,flicknamn
Katrin,5057.0,flicknamn
Karina,4776.0,flicknamn
Kim,4679.0,flicknamn
Kaarina,4560.0,flicknamn
Katharina,3038.0,flicknamn
Kristine,2932.0,flicknamn
Katja,2826.0,flicknamn
Katarzyna,2616.0,flicknamn
Kristiina,2328.0,flicknamn
Kyllikki,2064.0,flicknamn
Karolin,1781.0,flicknamn
Kersti,1759.0,flicknamn
Karoline,1681.0,flicknamn
Krystyna,1456.0,flicknamn
Kate,1347.0,flicknamn
Karla,1234.0,flicknamn
Karen,1219.0,flicknamn
Kaisa,1150.0,flicknamn
Khadija,1143.0,flicknamn
Katrine,1055.0,flicknamn
Kirsti,1047.0,flicknamn
Katariina,1032.0,flicknamn
Sida 1 av 129,,flicknamn
Kelly,1020.0,flicknamn
Katrina,1011.0,flicknamn
Kirsten,976.0,flicknamn
Kari,863.0,flicknamn
Kicki,834.0,flicknamn
Kamilla,755.0,flicknamn
Kirsi,746.0,flicknamn
Katalin,734.0,flicknamn
Kimberly,677.0,flicknamn
Ketty,658.0,flicknamn
Kathrin,625.0,flicknamn
Kitty,603.0,flicknamn
Karola,600.0,flicknamn
Katri,597.0,flicknamn
Kaija,586.0,flicknamn
Kathrine,561.0,flicknamn
Kamila,556.0,flicknamn
Kinga,553.0,flicknamn
Klaudia,553.0,flicknamn
Katherine,549.0,flicknamn
Khalid,534.0,flicknamn
Kjerstin,508.0,flicknamn
Kornelia,504.0,flicknamn
Katerina,504.0,flicknamn
Kira,496.0,flicknamn
Katriina,485.0,flicknamn
Kerttu,469.0,flicknamn
Kathleen,457.0,flicknamn
Kia,447.0,flicknamn
Käthe,442.0,flicknamn
Sida 2 av 129,,flicknamn
Khaled,434.0,flicknamn
Kaur,431.0,flicknamn
Kamal,416.0,flicknamn
Kadhim,410.0,flicknamn
Khalil,407.0,flicknamn
Karima,405.0,flicknamn
Katinka,398.0,flicknamn
Karoliina,361.0,flicknamn
Karim,348.0,flicknamn
Kareem,348.0,flicknamn
Kiara,337.0,flicknamn
Khadra,332.0,flicknamn
Karna,325.0,flicknamn
Khalaf,298.0,flicknamn
Karita,277.0,flicknamn
Katia,270.0,flicknamn
Kati,250.0,flicknamn
Kayla,247.0,flicknamn
Kobra,244.0,flicknamn
Katie,244.0,flicknamn
Knutsdotter,235.0,flicknamn
Kathe,233.0,flicknamn
K,219.0,flicknamn
Khadijeh,217.0,flicknamn
Kay,217.0,flicknamn
Kristel,214.0,flicknamn
Kirstine,214.0,flicknamn
Krista,208.0,flicknamn
Karlsdotter,207.0,flicknamn
Khaleel,207.0,flicknamn
Sida 3 av 129,,flicknamn
Karl,202479.0,pojknamn
Kjell,52561.0,pojknamn
Kent,31116.0,pojknamn
Kenneth,26583.0,pojknamn
Kurt,23112.0,pojknamn
Krister,17671.0,pojknamn
Kristian,15331.0,pojknamn
Kevin,14267.0,pojknamn
Knut,14227.0,pojknamn
Klas,13639.0,pojknamn
Kristoffer,13448.0,pojknamn
Kim,12129.0,pojknamn
Kaj,5926.0,pojknamn
Kenth,5372.0,pojknamn
Kennet,5133.0,pojknamn
Karl-Erik,4502.0,pojknamn
Kristofer,4439.0,pojknamn
Kalle,3535.0,pojknamn
Kalevi,3442.0,pojknamn
Khaled,3324.0,pojknamn
Kenny,3114.0,pojknamn
Kasper,3050.0,pojknamn
Konrad,2878.0,pojknamn
Kari,2469.0,pojknamn
Krzysztof,2414.0,pojknamn
Karim,2304.0,pojknamn
Khalid,2062.0,pojknamn
Karl-Johan,1952.0,pojknamn
Kai,1944.0,pojknamn
Khalil,1621.0,pojknamn
Sida 1 av 138,,pojknamn
Kalervo,1619.0,pojknamn
Kian,1589.0,pojknamn
Karl-Gustav,1533.0,pojknamn
Kjell-Åke,1489.0,pojknamn
Kumar,1483.0,pojknamn
Ken,1441.0,pojknamn
Kamal,1301.0,pojknamn
Kåre,1222.0,pojknamn
Kamil,1219.0,pojknamn
Konstantin,1189.0,pojknamn
Karl-Axel,1147.0,pojknamn
Klaus,1088.0,pojknamn
Kennert,1018.0,pojknamn
Konstantinos,963.0,pojknamn
Karl Erik,933.0,pojknamn
Kenan,842.0,pojknamn
Karl-Gunnar,763.0,pojknamn
Keith,750.0,pojknamn
Karam,743.0,pojknamn
Kimmo,737.0,pojknamn
Karol,700.0,pojknamn
Keijo,686.0,pojknamn
Kemal,635.0,pojknamn
Karl-Olof,621.0,pojknamn
Klas-Göran,616.0,pojknamn
Karl-Gustaf,581.0,pojknamn
Kay,581.0,pojknamn
Kareem,573.0,pojknamn
Kacper,551.0,pojknamn
Karl-Åke,528.0,pojknamn
Sida 2 av 138,,pojknamn
Kjell Åke,525.0,pojknamn
Kullervo,507.0,pojknamn
Kazimierz,495.0,pojknamn
Karl-Göran,483.0,pojknamn
Kennerth,482.0,pojknamn
Kadhim,473.0,pojknamn
Karsten,464.0,pojknamn
Khan,450.0,pojknamn
Karl-Oskar,445.0,pojknamn
Karl-Henrik,444.0,pojknamn
Kauko,439.0,pojknamn
Kamel,426.0,pojknamn
Krystian,411.0,pojknamn
Khalaf,398.0,pojknamn
Kid,397.0,pojknamn
Kaarlo,392.0,pojknamn
Kidane,378.0,pojknamn
Kelvin,361.0,pojknamn
Kadir,360.0,pojknamn
Konny,333.0,pojknamn
Kjell-Arne,332.0,pojknamn
Kjell-Ove,329.0,pojknamn
Karl Johan,317.0,pojknamn
Kamran,313.0,pojknamn
Kerim,311.0,pojknamn
Kewin,310.0,pojknamn
Kjell-Erik,295.0,pojknamn
Kasim,294.0,pojknamn
Karl-Arne,293.0,pojknamn
Karwan,292.0,pojknamn
Sida 3 av 138,,pojknamn
Linnéa,91700.0,flicknamn
Lena,83169.0,flicknamn
Linnea,73609.0,flicknamn
Louise,54586.0,flicknamn
Linda,52248.0,flicknamn
Lovisa,34043.0,flicknamn
Lisa,32220.0,flicknamn
Lina,20712.0,flicknamn
Lisbeth,17767.0,flicknamn
Lilian,15478.0,flicknamn
Linn,15336.0,flicknamn
Lilly,14184.0,flicknamn
Laila,12532.0,flicknamn
Lillemor,10325.0,flicknamn
Liv,8030.0,flicknamn
Laura,5412.0,flicknamn
Lova,5235.0,flicknamn
Lotta,5118.0,flicknamn
Liselotte,4488.0,flicknamn
Lisbet,4468.0,flicknamn
Lucia,4335.0,flicknamn
Liselott,4250.0,flicknamn
Lea,4200.0,flicknamn
Lydia,3821.0,flicknamn
Lily,3678.0,flicknamn
Leila,3621.0,flicknamn
Liisa,3543.0,flicknamn
Livia,3478.0,flicknamn
Li,3220.0,flicknamn
Lise-Lotte,3132.0,flicknamn
Sida 1 av 131,,flicknamn
Leia,3083.0,flicknamn
Leah,3030.0,flicknamn
Lo,2717.0,flicknamn
Lykke,2618.0,flicknamn
Leena,2496.0,flicknamn
Lise-Lott,2440.0,flicknamn
Luna,2439.0,flicknamn
Lillian,2077.0,flicknamn
Lovis,1974.0,flicknamn
Leona,1850.0,flicknamn
Lara,1809.0,flicknamn
Larsdotter,1647.0,flicknamn
Lill,1635.0,flicknamn
Lisette,1627.0,flicknamn
Lana,1623.0,flicknamn
Liza,1516.0,flicknamn
Lilja,1501.0,flicknamn
Lola,1474.0,flicknamn
Lee,1425.0,flicknamn
Lisen,1362.0,flicknamn
Leonora,1320.0,flicknamn
Line,1274.0,flicknamn
Liz,1206.0,flicknamn
Louisa,1171.0,flicknamn
Leyla,1102.0,flicknamn
Lizette,1042.0,flicknamn
Lis,1040.0,flicknamn
Lise,1012.0,flicknamn
Lidia,1007.0,flicknamn
Lillie,987.0,flicknamn
Sida 2 av 131,,flicknamn
Lejla,985.0,flicknamn
Lia,980.0,flicknamn
Lizzie,962.0,flicknamn
Lotten,923.0,flicknamn
Louice,906.0,flicknamn
Luisa,877.0,flicknamn
Lynn,870.0,flicknamn
Lowa,830.0,flicknamn
Liliana,781.0,flicknamn
Lorena,775.0,flicknamn
Lin,759.0,flicknamn
Lou,746.0,flicknamn
Lucy,731.0,flicknamn
Layla,688.0,flicknamn
Love,663.0,flicknamn
Lenita,659.0,flicknamn
Lili,639.0,flicknamn
Lilli,612.0,flicknamn
Luz,603.0,flicknamn
Leonie,601.0,flicknamn
Lene,567.0,flicknamn
Leen,566.0,flicknamn
Ljiljana,557.0,flicknamn
Lajla,535.0,flicknamn
Luise,530.0,flicknamn
Layan,473.0,flicknamn
Leonore,470.0,flicknamn
Lone,454.0,flicknamn
Linda-Marie,451.0,flicknamn
Lan,450.0,flicknamn
Sida 3 av 131,,flicknamn
Lars,229495.0,pojknamn
Lennart,113650.0,pojknamn
Leif,64358.0,pojknamn
Linus,24242.0,pojknamn
Leo,18348.0,pojknamn
Ludvig,16444.0,pojknamn
Lucas,15031.0,pojknamn
Liam,14558.0,pojknamn
Lukas,13505.0,pojknamn
Love,9102.0,pojknamn
Leon,8600.0,pojknamn
Ludwig,6864.0,pojknamn
Lars-Erik,6825.0,pojknamn
Leonard,6667.0,pojknamn
Lars-Göran,4479.0,pojknamn
Loke,4378.0,pojknamn
Lars-Åke,3216.0,pojknamn
Luis,3147.0,pojknamn
Lars-Olof,2841.0,pojknamn
Leopold,2419.0,pojknamn
Levi,2401.0,pojknamn
Lage,2045.0,pojknamn
Louis,2029.0,pojknamn
Lasse,1994.0,pojknamn
Lars-Gunnar,1739.0,pojknamn
Leonardo,1733.0,pojknamn
Lee,1645.0,pojknamn
Lowe,1632.0,pojknamn
Lars Erik,1415.0,pojknamn
Lukasz,1405.0,pojknamn
Sida 1 av 84,,pojknamn
Lillebror,1398.0,pojknamn
Loui,1388.0,pojknamn
Lars Göran,1318.0,pojknamn
Lorentz,1234.0,pojknamn
Lo,1207.0,pojknamn
Louie,1168.0,pojknamn
Laszlo,1022.0,pojknamn
Lars-Ove,983.0,pojknamn
Lars-Olov,971.0,pojknamn
Lionel,939.0,pojknamn
Lauri,921.0,pojknamn
Lars Åke,891.0,pojknamn
Leander,862.0,pojknamn
Lars-Eric,747.0,pojknamn
Luka,732.0,pojknamn
Lennox,701.0,pojknamn
Léon,684.0,pojknamn
Lennarth,671.0,pojknamn
Lars-Inge,663.0,pojknamn
Larry,644.0,pojknamn
Luca,633.0,pojknamn
Lion,611.0,pojknamn
Lorenzo,588.0,pojknamn
Leonel,580.0,pojknamn
Laith,575.0,pojknamn
Lars Olof,572.0,pojknamn
Liban,556.0,pojknamn
Lenny,539.0,pojknamn
Luke,524.0,pojknamn
Leandro,518.0,pojknamn
Sida 2 av 84,,pojknamn
Lars Gunnar,496.0,pojknamn
Leszek,472.0,pojknamn
Linné,458.0,pojknamn
Lamin,454.0,pojknamn
Lias,445.0,pojknamn
Loa,442.0,pojknamn
Lawrence,433.0,pojknamn
Lennie,408.0,pojknamn
Lewis,398.0,pojknamn
Luciano,378.0,pojknamn
Lennon,366.0,pojknamn
Lars-Johan,364.0,pojknamn
Lars-Håkan,359.0,pojknamn
Lorenz,358.0,pojknamn
Leonidas,355.0,pojknamn
Lajos,349.0,pojknamn
Latif,344.0,pojknamn
Lars-Ola,332.0,pojknamn
León,325.0,pojknamn
Laban,320.0,pojknamn
Long,319.0,pojknamn
Luigi,313.0,pojknamn
Lave,299.0,pojknamn
Lex,298.0,pojknamn
Leslie,290.0,pojknamn
Levin,282.0,pojknamn
Lazar,280.0,pojknamn
Lars-Anders,273.0,pojknamn
Lucian,259.0,pojknamn
Lorens,257.0,pojknamn
Sida 3 av 84,,pojknamn
Maria,445115.0,flicknamn
Margareta,226012.0,flicknamn
Marie,128940.0,flicknamn
Marianne,82285.0,flicknamn
Malin,49551.0,flicknamn
Monica,42014.0,flicknamn
Matilda,36908.0,flicknamn
Margaretha,28540.0,flicknamn
Maja,25416.0,flicknamn
Märta,24526.0,flicknamn
Madeleine,22896.0,flicknamn
Mona,22570.0,flicknamn
Magdalena,20741.0,flicknamn
Monika,20381.0,flicknamn
Moa,18160.0,flicknamn
Maj,18041.0,flicknamn
Marita,17547.0,flicknamn
Mari,15620.0,flicknamn
Margit,14281.0,flicknamn
Martina,13130.0,flicknamn
Mikaela,13061.0,flicknamn
Maud,11802.0,flicknamn
Maj-Britt,10979.0,flicknamn
Marina,10710.0,flicknamn
Marie-Louise,10328.0,flicknamn
Mary,10094.0,flicknamn
My,9891.0,flicknamn
Mathilda,9125.0,flicknamn
Molly,8718.0,flicknamn
Madelene,8281.0,flicknamn
Sida 1 av 287,,flicknamn
Mia,7726.0,flicknamn
Mariana,7181.0,flicknamn
Mohamed,6432.0,flicknamn
Michelle,6426.0,flicknamn
Michaela,6196.0,flicknamn
Marika,5849.0,flicknamn
Mariann,5755.0,flicknamn
Majken,5695.0,flicknamn
Maya,4846.0,flicknamn
Marta,4808.0,flicknamn
Marlene,4414.0,flicknamn
Mimmi,4404.0,flicknamn
Mohammed,4369.0,flicknamn
Melissa,4361.0,flicknamn
Marjatta,4325.0,flicknamn
Miranda,4200.0,flicknamn
Minna,4186.0,flicknamn
Mira,4148.0,flicknamn
Maj-Lis,4105.0,flicknamn
May,4054.0,flicknamn
Margot,3827.0,flicknamn
Maryam,3794.0,flicknamn
Mariam,3769.0,flicknamn
Miriam,3650.0,flicknamn
Meja,3616.0,flicknamn
Melina,3039.0,flicknamn
Marja,2974.0,flicknamn
Mirjam,2844.0,flicknamn
Majvor,2835.0,flicknamn
Märtha,2584.0,flicknamn
Sida 2 av 287,,flicknamn
Maarit,2581.0,flicknamn
Margaret,2480.0,flicknamn
Margret,2455.0,flicknamn
Marit,2419.0,flicknamn
Malgorzata,2214.0,flicknamn
Marielle,2171.0,flicknamn
Martha,2136.0,flicknamn
Mina,2134.0,flicknamn
Melinda,2037.0,flicknamn
Margita,1989.0,flicknamn
Malva,1984.0,flicknamn
Marija,1980.0,flicknamn
Marion,1966.0,flicknamn
Milla,1945.0,flicknamn
Madelen,1775.0,flicknamn
Melanie,1690.0,flicknamn
Mercedes,1622.0,flicknamn
Majlis,1594.0,flicknamn
Micaela,1580.0,flicknamn
Mariette,1569.0,flicknamn
Mildred,1559.0,flicknamn
Madelaine,1534.0,flicknamn
Mila,1522.0,flicknamn
Mohammad,1510.0,flicknamn
Mirja,1502.0,flicknamn
Maija,1490.0,flicknamn
Mai,1382.0,flicknamn
Mari-Ann,1331.0,flicknamn
Malena,1255.0,flicknamn
Magda,1223.0,flicknamn
Sida 3 av 287,,flicknamn
Mikael,130298.0,pojknamn
Magnus,74079.0,pojknamn
Martin,73696.0,pojknamn
Mats,64660.0,pojknamn
Mattias,49722.0,pojknamn
Michael,41574.0,pojknamn
Marcus,38001.0,pojknamn
Max,20542.0,pojknamn
Markus,18759.0,pojknamn
Mohamed,17915.0,pojknamn
Mohammad,16041.0,pojknamn
Mathias,14407.0,pojknamn
Mohammed,14318.0,pojknamn
Morgan,11161.0,pojknamn
Mohamad,8523.0,pojknamn
Malte,8399.0,pojknamn
Melker,8114.0,pojknamn
Melvin,7441.0,pojknamn
Måns,5941.0,pojknamn
Mustafa,5926.0,pojknamn
Mårten,5845.0,pojknamn
Micael,5230.0,pojknamn
Mahmoud,5084.0,pojknamn
Mauritz,4975.0,pojknamn
Maximilian,4837.0,pojknamn
Milton,4030.0,pojknamn
Milo,3822.0,pojknamn
Matti,3813.0,pojknamn
Muhammad,3488.0,pojknamn
Manfred,3006.0,pojknamn
Sida 1 av 208,,pojknamn
Marko,2772.0,pojknamn
Michel,2760.0,pojknamn
Manuel,2759.0,pojknamn
Mario,2674.0,pojknamn
Mark,2625.0,pojknamn
Mio,2559.0,pojknamn
Matias,2511.0,pojknamn
Melwin,2242.0,pojknamn
Matts,2221.0,pojknamn
Mahdi,2165.0,pojknamn
Marco,2150.0,pojknamn
Milan,1973.0,pojknamn
Miguel,1940.0,pojknamn
Mika,1934.0,pojknamn
Marek,1929.0,pojknamn
Mehmet,1802.0,pojknamn
Marcin,1799.0,pojknamn
Michal,1732.0,pojknamn
Mickael,1721.0,pojknamn
Matthias,1610.0,pojknamn
Markku,1603.0,pojknamn
Marcel,1507.0,pojknamn
Mehdi,1434.0,pojknamn
Muhammed,1417.0,pojknamn
M,1391.0,pojknamn
Matteus,1384.0,pojknamn
Matteo,1380.0,pojknamn
Malcolm,1341.0,pojknamn
Mhd,1336.0,pojknamn
Manne,1302.0,pojknamn
Sida 2 av 208,,pojknamn
Marc,1300.0,pojknamn
Mostafa,1294.0,pojknamn
Mahamed,1284.0,pojknamn
Morris,1281.0,pojknamn
Marius,1278.0,pojknamn
Mohamud,1215.0,pojknamn
Mattis,1192.0,pojknamn
Maher,1183.0,pojknamn
Mariusz,1151.0,pojknamn
Matthew,1151.0,pojknamn
Majid,1136.0,pojknamn
Matheo,1127.0,pojknamn
Milian,1077.0,pojknamn
Milad,1070.0,pojknamn
Martti,1046.0,pojknamn
Mille,1039.0,pojknamn
Mike,1029.0,pojknamn
Md,1005.0,pojknamn
Maciej,989.0,pojknamn
Mahmood,969.0,pojknamn
Mateusz,961.0,pojknamn
Mohsen,932.0,pojknamn
Maximus,925.0,pojknamn
Musa,897.0,pojknamn
Mikko,875.0,pojknamn
Marian,864.0,pojknamn
Mauricio,848.0,pojknamn
Marwan,840.0,pojknamn
Mateo,834.0,pojknamn
Muhamed,834.0,pojknamn
Sida 3 av 208,,pojknamn
Nina,16154.0,flicknamn
Nathalie,13128.0,flicknamn
Nora,8623.0,flicknamn
Nova,7982.0,flicknamn
Nellie,7733.0,flicknamn
Natalie,7675.0,flicknamn
Nicole,7132.0,flicknamn
Nelly,4616.0,flicknamn
Natalia,3729.0,flicknamn
Nancy,3263.0,flicknamn
Nadia,2938.0,flicknamn
Nadja,2885.0,flicknamn
Nanna,2489.0,flicknamn
Nour,2021.0,flicknamn
Noomi,1852.0,flicknamn
Nike,1782.0,flicknamn
Noor,1732.0,flicknamn
Nanny,1629.0,flicknamn
Nada,1619.0,flicknamn
Naemi,1564.0,flicknamn
Naima,1535.0,flicknamn
Ninni,1497.0,flicknamn
Naomi,1466.0,flicknamn
Novalie,1260.0,flicknamn
Nikki,1178.0,flicknamn
Nicolina,1174.0,flicknamn
Nadine,1099.0,flicknamn
Nea,985.0,flicknamn
Noelle,978.0,flicknamn
Nikita,971.0,flicknamn
Sida 1 av 152,,flicknamn
Natasha,948.0,flicknamn
Nikolina,906.0,flicknamn
Ngoc,867.0,flicknamn
Nur,783.0,flicknamn
Norma,729.0,flicknamn
Nawal,714.0,flicknamn
Nasrin,706.0,flicknamn
Norah,665.0,flicknamn
Natali,651.0,flicknamn
Noelia,612.0,flicknamn
Nilla,578.0,flicknamn
Nilsdotter,558.0,flicknamn
Ninnie,500.0,flicknamn
Nimo,487.0,flicknamn
Niki,482.0,flicknamn
Neda,479.0,flicknamn
Nesrin,463.0,flicknamn
Natasa,462.0,flicknamn
Noura,452.0,flicknamn
Najma,442.0,flicknamn
Najah,441.0,flicknamn
Naya,440.0,flicknamn
Nelli,427.0,flicknamn
Narges,399.0,flicknamn
Nahid,392.0,flicknamn
Ninja,383.0,flicknamn
Narin,378.0,flicknamn
Noemi,376.0,flicknamn
Nasra,374.0,flicknamn
Najat,367.0,flicknamn
Sida 2 av 152,,flicknamn
Nazanin,366.0,flicknamn
Nor,365.0,flicknamn
Ninna,334.0,flicknamn
Niina,321.0,flicknamn
Nathalia,318.0,flicknamn
Nelia,305.0,flicknamn
Nomi,299.0,flicknamn
Nahla,293.0,flicknamn
Nagham,291.0,flicknamn
Nermin,290.0,flicknamn
Nermina,288.0,flicknamn
Nura,283.0,flicknamn
Natalija,281.0,flicknamn
Nadin,273.0,flicknamn
Noora,266.0,flicknamn
Nicola,265.0,flicknamn
Nathali,264.0,flicknamn
Nicoline,260.0,flicknamn
Naser,255.0,flicknamn
Nemi,252.0,flicknamn
Nella,248.0,flicknamn
Nabila,245.0,flicknamn
Nisa,243.0,flicknamn
Nicoleta,236.0,flicknamn
Nikola,234.0,flicknamn
Najwa,232.0,flicknamn
Nell,228.0,flicknamn
Nicki,228.0,flicknamn
Nejla,224.0,flicknamn
Neah,222.0,flicknamn
Sida 3 av 152,,flicknamn
Nils,139203.0,pojknamn
Niklas,31196.0,pojknamn
Niclas,13770.0,pojknamn
Nicklas,10160.0,pojknamn
Noah,9916.0,pojknamn
Noel,6314.0,pojknamn
Neo,4051.0,pojknamn
Nicolas,2723.0,pojknamn
Nicholas,2557.0,pojknamn
Natanael,2433.0,pojknamn
Nils-Erik,1837.0,pojknamn
Nikola,1677.0,pojknamn
Noa,1620.0,pojknamn
Nabil,1317.0,pojknamn
Naser,1095.0,pojknamn
Niels,1083.0,pojknamn
Nathan,967.0,pojknamn
Nathanael,929.0,pojknamn
Nelson,899.0,pojknamn
Nikolaos,867.0,pojknamn
Nour,857.0,pojknamn
Napoleon,849.0,pojknamn
Nick,805.0,pojknamn
Nikolai,798.0,pojknamn
Nader,723.0,pojknamn
Nils-Olof,714.0,pojknamn
Nima,701.0,pojknamn
Nikolaj,700.0,pojknamn
Nikolaus,652.0,pojknamn
Nathaniel,630.0,pojknamn
Sida 1 av 101,,pojknamn
Nathaniel,630.0,pojknamn
Noor,601.0,pojknamn
Nenad,595.0,pojknamn
Nasser,585.0,pojknamn
Nore,581.0,pojknamn
Nils Erik,556.0,pojknamn
Nils-Åke,551.0,pojknamn
Naim,545.0,pojknamn
Nemo,542.0,pojknamn
Nasir,536.0,pojknamn
Norbert,532.0,pojknamn
Nico,503.0,pojknamn
Nino,495.0,pojknamn
Nikolas,491.0,pojknamn
Nur,483.0,pojknamn
Neil,452.0,pojknamn
Nils-Göran,433.0,pojknamn
Nestor,428.0,pojknamn
Navid,425.0,pojknamn
Najib,424.0,pojknamn
Nisse,399.0,pojknamn
Nermin,398.0,pojknamn
Nichlas,397.0,pojknamn
Nicolae,397.0,pojknamn
Nils-Gunnar,394.0,pojknamn
Nihad,371.0,pojknamn
Niilo,370.0,pojknamn
Ninos,365.0,pojknamn
Norton,340.0,pojknamn
Natnael,333.0,pojknamn
Sida 2 av 101,,pojknamn
Nahom,332.0,pojknamn
Nicola,330.0,pojknamn
Nuur,322.0,pojknamn
Nazar,321.0,pojknamn
Ngoc,313.0,pojknamn
Naji,306.0,pojknamn
Niko,301.0,pojknamn
Natan,289.0,pojknamn
Nilo,287.0,pojknamn
Norman,285.0,pojknamn
Nilas,281.0,pojknamn
Nizar,276.0,pojknamn
Nebojsa,271.0,pojknamn
Nils-Olov,270.0,pojknamn
Nabeel,266.0,pojknamn
Nam,260.0,pojknamn
Nikita,259.0,pojknamn
Nedim,251.0,pojknamn
Nikodemus,251.0,pojknamn
Nedzad,249.0,pojknamn
Nemanja,247.0,pojknamn
Noak,244.0,pojknamn
Nidal,239.0,pojknamn
Nadim,231.0,pojknamn
Nasim,209.0,pojknamn
Nils-Eric,209.0,pojknamn
Nuri,205.0,pojknamn
Nadir,199.0,pojknamn
Naeem,199.0,pojknamn
Nazir,198.0,pojknamn
Sida 3 av 101,,pojknamn
Olivia,24877.0,flicknamn
Olga,5277.0,flicknamn
Ottilia,3170.0,flicknamn
Orvokki,2009.0,flicknamn
Omar,1656.0,flicknamn
Osman,1072.0,flicknamn
Ofelia,960.0,flicknamn
Othilia,769.0,flicknamn
Olofsdotter,743.0,flicknamn
Oliwia,591.0,flicknamn
Otilia,554.0,flicknamn
Oline,458.0,flicknamn
Olena,411.0,flicknamn
Ophelia,376.0,flicknamn
Oksana,344.0,flicknamn
Ola,332.0,flicknamn
Onerva,304.0,flicknamn
Omer,295.0,flicknamn
Outi,295.0,flicknamn
Odette,216.0,flicknamn
Olivera,215.0,flicknamn
Othman,214.0,flicknamn
Oili,195.0,flicknamn
Oda,172.0,flicknamn
Olympia,138.0,flicknamn
Olovsdotter,132.0,flicknamn
Oana,121.0,flicknamn
Oxana,119.0,flicknamn
Olly,115.0,flicknamn
Oona,103.0,flicknamn
Sida 1 av 36,,flicknamn
Olasdotter,102.0,flicknamn
Osama,96.0,flicknamn
Orsolya,92.0,flicknamn
Oanh,91.0,flicknamn
Oliva,89.0,flicknamn
Ok,87.0,flicknamn
Oriana,85.0,flicknamn
Octavia,83.0,flicknamn
Olina,79.0,flicknamn
Olimpia,78.0,flicknamn
Olha,78.0,flicknamn
Orawan,76.0,flicknamn
Ornina,74.0,flicknamn
Olive,72.0,flicknamn
Ozra,69.0,flicknamn
Obaid,67.0,flicknamn
Olava,64.0,flicknamn
Olaug,63.0,flicknamn
Oday,62.0,flicknamn
Omaima,62.0,flicknamn
Oula,61.0,flicknamn
Ottilie,60.0,flicknamn
Orathai,60.0,flicknamn
Ornella,59.0,flicknamn
Olea,56.0,flicknamn
Oktavia,55.0,flicknamn
Odile,55.0,flicknamn
Ossie,53.0,flicknamn
Olu,52.0,flicknamn
Oleksandra,51.0,flicknamn
Sida 2 av 36,,flicknamn
Oleksandra,51.0,flicknamn
Olgica,51.0,flicknamn
Ovesdotter,51.0,flicknamn
Oddny,49.0,flicknamn
Oraha,48.0,flicknamn
Oudah,48.0,flicknamn
Osk,48.0,flicknamn
Olegovna,46.0,flicknamn
Oumie,46.0,flicknamn
Ósk,46.0,flicknamn
Odessa,43.0,flicknamn
Oskarsdotter,43.0,flicknamn
Onny,43.0,flicknamn
Olesya,42.0,flicknamn
Ourania,42.0,flicknamn
Oi,41.0,flicknamn
Ona,40.0,flicknamn
Oliver,37.0,flicknamn
Odelia,36.0,flicknamn
Omayma,35.0,flicknamn
Olesia,35.0,flicknamn
Oya,34.0,flicknamn
Olinda,34.0,flicknamn
Otti,32.0,flicknamn
Ottonie,32.0,flicknamn
Omnia,32.0,flicknamn
Oddveig,31.0,flicknamn
Ottolina,30.0,flicknamn
Oscaria,30.0,flicknamn
Oscarsdotter,30.0,flicknamn
Sida 3 av 36,,flicknamn
Olof,112423.0,pojknamn
Oskar,45224.0,pojknamn
Oscar,37620.0,pojknamn
Olov,34408.0,pojknamn
Ove,30564.0,pojknamn
Olle,21915.0,pojknamn
Oliver,21725.0,pojknamn
Ola,20814.0,pojknamn
Otto,12331.0,pojknamn
Omar,8293.0,pojknamn
Olavi,5419.0,pojknamn
Ossian,3326.0,pojknamn
Owe,2964.0,pojknamn
Osman,2766.0,pojknamn
Ole,2128.0,pojknamn
Olav,2083.0,pojknamn
Oliwer,1958.0,pojknamn
Odd,1373.0,pojknamn
Osama,1029.0,pojknamn
Omer,896.0,pojknamn
Omid,807.0,pojknamn
Otis,789.0,pojknamn
Orvar,789.0,pojknamn
Osvald,703.0,pojknamn
Orlando,613.0,pojknamn
Olaf,547.0,pojknamn
Olivier,448.0,pojknamn
Othman,426.0,pojknamn
Orhan,414.0,pojknamn
Ozzy,401.0,pojknamn
Sida 1 av 45,,pojknamn
Odin,399.0,pojknamn
Onni,375.0,pojknamn
Oleg,341.0,pojknamn
Osmo,331.0,pojknamn
Oden,317.0,pojknamn
Olli,299.0,pojknamn
Oskari,297.0,pojknamn
Owen,293.0,pojknamn
Olaus,279.0,pojknamn
Omran,270.0,pojknamn
Oswald,241.0,pojknamn
Ossi,229.0,pojknamn
Osvaldo,223.0,pojknamn
Osborn,218.0,pojknamn
Oday,210.0,pojknamn
Olow,201.0,pojknamn
Onur,198.0,pojknamn
Orion,194.0,pojknamn
Oiva,188.0,pojknamn
Oleksandr,184.0,pojknamn
Olliver,183.0,pojknamn
Oddvar,168.0,pojknamn
Ousman,166.0,pojknamn
Omed,166.0,pojknamn
Osborne,139.0,pojknamn
Ottar,134.0,pojknamn
Ozan,133.0,pojknamn
Ovidiu,130.0,pojknamn
Obada,129.0,pojknamn
Odai,119.0,pojknamn
Sida 2 av 45,,pojknamn
Octavio,114.0,pojknamn
Oliwier,114.0,pojknamn
Osamah,108.0,pojknamn
Obaid,102.0,pojknamn
Olofsson,102.0,pojknamn
Octavian,99.0,pojknamn
Obaida,94.0,pojknamn
Oussama,92.0,pojknamn
Oktay,90.0,pojknamn
Ognjen,88.0,pojknamn
Okan,78.0,pojknamn
Ossama,76.0,pojknamn
O,74.0,pojknamn
Ousama,74.0,pojknamn
Oswaldo,71.0,pojknamn
Oddbjörn,70.0,pojknamn
Oguzhan,69.0,pojknamn
Olafur,63.0,pojknamn
Orm,62.0,pojknamn
Odal,61.0,pojknamn
Oumar,61.0,pojknamn
Oluf,58.0,pojknamn
Orla,55.0,pojknamn
Ollie,54.0,pojknamn
Obinna,53.0,pojknamn
Oudah,52.0,pojknamn
Odisho,51.0,pojknamn
Ored,51.0,pojknamn
Oleksii,49.0,pojknamn
Olivér,48.0,pojknamn
Sida 3 av 45,,pojknamn
Pia,23254.0,flicknamn
Pernilla,18415.0,flicknamn
Petra,15352.0,flicknamn
Paulina,8078.0,flicknamn
Patricia,6715.0,flicknamn
Paula,6071.0,flicknamn
Pauline,3495.0,flicknamn
Petronella,2100.0,flicknamn
Pirjo,1712.0,flicknamn
Pamela,1609.0,flicknamn
Pirkko,1269.0,flicknamn
Päivi,1190.0,flicknamn
Penny,994.0,flicknamn
Paola,951.0,flicknamn
Persdotter,933.0,flicknamn
Philippa,832.0,flicknamn
Peggy,701.0,flicknamn
Phuong,595.0,flicknamn
Patrycja,551.0,flicknamn
Pilar,504.0,flicknamn
Parisa,500.0,flicknamn
Polly,389.0,flicknamn
Pauliina,379.0,flicknamn
Petersdotter,378.0,flicknamn
Parvin,350.0,flicknamn
Perla,343.0,flicknamn
Pixie,307.0,flicknamn
Päivikki,293.0,flicknamn
Priscilla,277.0,flicknamn
Pernille,275.0,flicknamn
Sida 1 av 79,,flicknamn
Paloma,263.0,flicknamn
Paulin,258.0,flicknamn
Paz,230.0,flicknamn
Penelope,207.0,flicknamn
Poppy,195.0,flicknamn
Pippi,192.0,flicknamn
Princess,191.0,flicknamn
Ping,191.0,flicknamn
Pim,188.0,flicknamn
Pella,186.0,flicknamn
Polina,184.0,flicknamn
Pari,180.0,flicknamn
Py,178.0,flicknamn
Parvaneh,177.0,flicknamn
Panagiota,177.0,flicknamn
Pinar,172.0,flicknamn
Pearl,172.0,flicknamn
Pi,170.0,flicknamn
Pelin,169.0,flicknamn
Priya,164.0,flicknamn
Phoebe,158.0,flicknamn
Piroska,155.0,flicknamn
Pyret,150.0,flicknamn
Paraskevi,148.0,flicknamn
Pranee,142.0,flicknamn
Piia,139.0,flicknamn
Patrizia,138.0,flicknamn
Pethra,133.0,flicknamn
Pärsdotter,133.0,flicknamn
Patrice,132.0,flicknamn
Sida 2 av 79,,flicknamn
Patrice,132.0,flicknamn
Pegah,130.0,flicknamn
Pärla,126.0,flicknamn
Paris,119.0,flicknamn
Precious,112.0,flicknamn
Parwin,112.0,flicknamn
Pia-Maria,104.0,flicknamn
Petrea,103.0,flicknamn
Pia-Lena,100.0,flicknamn
Puck,100.0,flicknamn
Perihan,99.0,flicknamn
Pascale,98.0,flicknamn
Paulette,95.0,flicknamn
Patriksdotter,94.0,flicknamn
Pers,91.0,flicknamn
Pavlina,90.0,flicknamn
Pandora,88.0,flicknamn
Petrine,84.0,flicknamn
Payman,82.0,flicknamn
Patience,78.0,flicknamn
Phung,77.0,flicknamn
Parthena,76.0,flicknamn
Pooja,75.0,flicknamn
Pola,74.0,flicknamn
Pantea,70.0,flicknamn
Priscila,66.0,flicknamn
Paria,66.0,flicknamn
Peri,63.0,flicknamn
Pornthip,63.0,flicknamn
Parveen,62.0,flicknamn
Sida 3 av 79,,flicknamn
Per,165491.0,pojknamn
Peter,113630.0,pojknamn
Patrik,41823.0,pojknamn
Paul,18647.0,pojknamn
Philip,17197.0,pojknamn
Pär,16835.0,pojknamn
Pontus,16265.0,pojknamn
Petter,10259.0,pojknamn
Pierre,8800.0,pojknamn
Patrick,6739.0,pojknamn
Peder,6041.0,pojknamn
Per-Olof,4954.0,pojknamn
Patric,3625.0,pojknamn
Per-Erik,3607.0,pojknamn
Piotr,3329.0,pojknamn
Pelle,2563.0,pojknamn
Pawel,2352.0,pojknamn
Pekka,2308.0,pojknamn
Per-Åke,1954.0,pojknamn
Petri,1750.0,pojknamn
Petrus,1704.0,pojknamn
Per-Olov,1580.0,pojknamn
Percy,1560.0,pojknamn
Per-Arne,1557.0,pojknamn
Per-Anders,1547.0,pojknamn
Per-Ola,1450.0,pojknamn
Pentti,1352.0,pojknamn
Per Olof,1101.0,pojknamn
Pål,1030.0,pojknamn
Pablo,1026.0,pojknamn
Sida 1 av 75,,pojknamn
Pehr,983.0,pojknamn
Pedro,972.0,pojknamn
Petteri,842.0,pojknamn
Pertti,807.0,pojknamn
Pauli,782.0,pojknamn
Pascal,735.0,pojknamn
Patricio,716.0,pojknamn
Per Erik,705.0,pojknamn
Pasi,695.0,pojknamn
Pavel,683.0,pojknamn
Philippe,682.0,pojknamn
Petar,653.0,pojknamn
Patryk,651.0,pojknamn
Paavo,600.0,pojknamn
Per-Gunnar,580.0,pojknamn
Per Anders,567.0,pojknamn
Przemyslaw,565.0,pojknamn
Per-Ove,559.0,pojknamn
Per Arne,545.0,pojknamn
Poul,522.0,pojknamn
Prince,508.0,pojknamn
Per Åke,507.0,pojknamn
Panagiotis,505.0,pojknamn
Per-Inge,491.0,pojknamn
Paolo,454.0,pojknamn
Per-Eric,438.0,pojknamn
Paulo,426.0,pojknamn
Per Olov,393.0,pojknamn
Perry,387.0,pojknamn
Preben,382.0,pojknamn
Sida 2 av 75,,pojknamn
Petros,360.0,pojknamn
Per-Johan,357.0,pojknamn
Predrag,355.0,pojknamn
Per-Axel,353.0,pojknamn
Pieter,340.0,pojknamn
Phillip,338.0,pojknamn
Pether,335.0,pojknamn
Paulus,314.0,pojknamn
Per-Göran,300.0,pojknamn
Palle,279.0,pojknamn
Philipp,263.0,pojknamn
Per Ola,256.0,pojknamn
Putte,248.0,pojknamn
Pedram,232.0,pojknamn
Parviz,221.0,pojknamn
Per-Henrik,220.0,pojknamn
Peo,219.0,pojknamn
Pier,214.0,pojknamn
Phoenix,212.0,pojknamn
Per-Håkan,207.0,pojknamn
Peeter,201.0,pojknamn
Pal,200.0,pojknamn
Per-Magnus,189.0,pojknamn
Péter,189.0,pojknamn
Pietro,185.0,pojknamn
Pär-Ola,174.0,pojknamn
Petru,168.0,pojknamn
Per Ove,162.0,pojknamn
Peyman,155.0,pojknamn
Pa,154.0,pojknamn
Sida 3 av 75,,pojknamn
Qasim,222.0,flicknamn
Qamar,192.0,flicknamn
Quynh,180.0,flicknamn
Qing,128.0,flicknamn
Qi,120.0,flicknamn
Qader,112.0,flicknamn
Qian,94.0,flicknamn
Qendresa,87.0,flicknamn
Quyen,82.0,flicknamn
Qin,71.0,flicknamn
Queen,59.0,flicknamn
Qays,54.0,flicknamn
Qadir,50.0,flicknamn
Qais,49.0,flicknamn
Qaali,45.0,flicknamn
Qusay,45.0,flicknamn
Qasem,44.0,flicknamn
Quan,43.0,flicknamn
Qadro,40.0,flicknamn
Qiong,38.0,flicknamn
Qali,36.0,flicknamn
Qamile,35.0,flicknamn
Que,34.0,flicknamn
Qadra,34.0,flicknamn
Quinn,32.0,flicknamn
Qizi,27.0,flicknamn
Qahtan,27.0,flicknamn
Qaryaqos,23.0,flicknamn
Q,23.0,flicknamn
Queenie,22.0,flicknamn
Sida 1 av 10,,flicknamn
Qaid,21.0,flicknamn
Qassim,21.0,flicknamn
Qui,21.0,flicknamn
Qudsia,20.0,flicknamn
Qun,20.0,flicknamn
Qiu,20.0,flicknamn
Qaasim,19.0,flicknamn
Qiao,17.0,flicknamn
Qutaiba,15.0,flicknamn
Qasin,15.0,flicknamn
Qadijo,14.0,flicknamn
Qingqing,14.0,flicknamn
Quy,13.0,flicknamn
Qianqian,13.0,flicknamn
Qëndresa,13.0,flicknamn
Qefsere,13.0,flicknamn
Qadan,12.0,flicknamn
Qabas,12.0,flicknamn
Qurat,11.0,flicknamn
Qadar,11.0,flicknamn
Qadiijo,11.0,flicknamn
Qassem,11.0,flicknamn
Quang,10.0,flicknamn
Qalif,10.0,flicknamn
Quoc,10.0,flicknamn
Qarin,9.0,flicknamn
Qayssar,8.0,flicknamn
Qianyi,7.0,flicknamn
Quman,7.0,flicknamn
Qadriya,7.0,flicknamn
Sida 2 av 10,,flicknamn
Qendrese,7.0,flicknamn
Qristina,7.0,flicknamn
Quyên,7.0,flicknamn
Qaliif,7.0,flicknamn
Qadriya,7.0,flicknamn
Qiuyue,7.0,flicknamn
Qianyi,7.0,flicknamn
Quman,7.0,flicknamn
Qu,6.0,flicknamn
Qiang,6.0,flicknamn
Qim,6.0,flicknamn
Qamilla,6.0,flicknamn
Qandi,6.0,flicknamn
Quinta,6.0,flicknamn
Quresh,6.0,flicknamn
Quilla,6.0,flicknamn
Qina,5.0,flicknamn
Qaiss,5.0,flicknamn
Qianyu,5.0,flicknamn
Qamer,5.0,flicknamn
Qusai,5.0,flicknamn
Qinqin,5.0,flicknamn
Qiuxia,5.0,flicknamn
Qaidar,5.0,flicknamn
Quetzal,5.0,flicknamn
Qussay,5.0,flicknamn
Qossay,5.0,flicknamn
Qia,5.0,flicknamn
Qaed,5.0,flicknamn
Qingyun,5.0,flicknamn
Sida 3 av 10,,flicknamn
Quang,404.0,pojknamn
Qasim,403.0,pojknamn
Quoc,323.0,pojknamn
Qais,189.0,pojknamn
Qasem,173.0,pojknamn
Qader,149.0,pojknamn
Quentin,146.0,pojknamn
Qusay,126.0,pojknamn
Qusai,123.0,pojknamn
Quan,121.0,pojknamn
Qadir,100.0,pojknamn
Qays,85.0,pojknamn
Qendrim,80.0,pojknamn
Quy,61.0,pojknamn
Qiang,61.0,pojknamn
Qi,55.0,pojknamn
Qahtan,54.0,pojknamn
Quintus,52.0,pojknamn
Qazim,47.0,pojknamn
Qvintus,44.0,pojknamn
Qadar,43.0,pojknamn
Qassim,42.0,pojknamn
Quincy,40.0,pojknamn
Qutaiba,39.0,pojknamn
Quyen,38.0,pojknamn
Qamil,34.0,pojknamn
Qaisar,33.0,pojknamn
Qasin,30.0,pojknamn
Quinn,30.0,pojknamn
Qing,30.0,pojknamn
Sida 1 av 9,,pojknamn
Qassem,27.0,pojknamn
Qudratullah,27.0,pojknamn
Qalid,27.0,pojknamn
Q,26.0,pojknamn
Qaiser,26.0,pojknamn
Qaid,25.0,pojknamn
Qurban,25.0,pojknamn
Qussay,24.0,pojknamn
Qerim,21.0,pojknamn
Qian,19.0,pojknamn
Qui,19.0,pojknamn
Qamar,19.0,pojknamn
Qahraman,18.0,pojknamn
Qin,18.0,pojknamn
Quintin,18.0,pojknamn
Qayssar,16.0,pojknamn
Qussai,15.0,pojknamn
Qaasim,15.0,pojknamn
Qorban,15.0,pojknamn
Qosai,14.0,pojknamn
Qani,14.0,pojknamn
Quinten,14.0,pojknamn
Qaalid,13.0,pojknamn
Qaiss,13.0,pojknamn
Qaed,13.0,pojknamn
Qaryaqos,13.0,pojknamn
Qadeer,12.0,pojknamn
Qudrat,12.0,pojknamn
Quinton,12.0,pojknamn
Qossay,11.0,pojknamn
Sida 2 av 9,,pojknamn
Qossay,11.0,pojknamn
Quyet,11.0,pojknamn
Qalif,11.0,pojknamn
Quynh,10.0,pojknamn
Qiao,10.0,pojknamn
Quân,9.0,pojknamn
Qodrat,9.0,pojknamn
Qazi,9.0,pojknamn
Qaro,9.0,pojknamn
Qaseem,9.0,pojknamn
Qvitt,9.0,pojknamn
Qëndrim,9.0,pojknamn
Qaliif,9.0,pojknamn
Qorane,8.0,pojknamn
Qanbar,8.0,pojknamn
Qemajl,8.0,pojknamn
Qinghua,8.0,pojknamn
Quimey,7.0,pojknamn
Qeis,7.0,pojknamn
Qrt,7.0,pojknamn
Que,7.0,pojknamn
Qalinle,6.0,pojknamn
Qayoum,6.0,pojknamn
Qotayba,6.0,pojknamn
Qim,6.0,pojknamn
Quirino,6.0,pojknamn
Qayyum,6.0,pojknamn
Qadri,6.0,pojknamn
Qingyuan,6.0,pojknamn
Qaidar,5.0,pojknamn
Sida 3 av 9,,pojknamn
Rut,18626.0,flicknamn
Rebecca,15447.0,flicknamn
Rebecka,15154.0,flicknamn
Ruth,14824.0,flicknamn
Rose-Marie,9227.0,flicknamn
Ragnhild,6659.0,flicknamn
Ronja,6444.0,flicknamn
Regina,4562.0,flicknamn
Rita,4477.0,flicknamn
Rosa,4112.0,flicknamn
Rigmor,3530.0,flicknamn
Rose,2900.0,flicknamn
Rosita,2744.0,flicknamn
Renée,2340.0,flicknamn
Ritva,2304.0,flicknamn
Ros-Marie,1964.0,flicknamn
Riitta,1712.0,flicknamn
Rakel,1703.0,flicknamn
Ramona,1610.0,flicknamn
Raija,1387.0,flicknamn
Rana,1362.0,flicknamn
Runa,1249.0,flicknamn
Renate,1139.0,flicknamn
Renata,1059.0,flicknamn
Raili,1026.0,flicknamn
Ragna,1007.0,flicknamn
Rania,991.0,flicknamn
Ros-Mari,947.0,flicknamn
Rima,913.0,flicknamn
Reem,858.0,flicknamn
Sida 1 av 126,,flicknamn
Rasha,811.0,flicknamn
Rachel,811.0,flicknamn
Rosalie,796.0,flicknamn
Rosanna,746.0,flicknamn
Rama,730.0,flicknamn
Rosmarie,653.0,flicknamn
Rahma,635.0,flicknamn
Rim,625.0,flicknamn
Rosemarie,624.0,flicknamn
Rosie,614.0,flicknamn
Randi,593.0,flicknamn
Rawan,574.0,flicknamn
René,554.0,flicknamn
Roxana,544.0,flicknamn
Reidun,537.0,flicknamn
Roza,535.0,flicknamn
Rahaf,528.0,flicknamn
Rayan,513.0,flicknamn
Rashid,453.0,flicknamn
Rose-Mari,450.0,flicknamn
Roya,442.0,flicknamn
Raghad,439.0,flicknamn
Ruby,435.0,flicknamn
Raquel,433.0,flicknamn
Rosario,432.0,flicknamn
Rahel,420.0,flicknamn
Rosmari,420.0,flicknamn
Reneé,410.0,flicknamn
Rebeca,388.0,flicknamn
Randa,388.0,flicknamn
Sida 2 av 126,,flicknamn
Rabia,386.0,flicknamn
Razan,381.0,flicknamn
Robin,375.0,flicknamn
Radmila,334.0,flicknamn
Rolfsdotter,303.0,flicknamn
Rina,301.0,flicknamn
Roberta,300.0,flicknamn
Rosina,292.0,flicknamn
Romina,289.0,flicknamn
Ronya,283.0,flicknamn
Rafaela,273.0,flicknamn
Rocio,272.0,flicknamn
Ruta,270.0,flicknamn
Rand,267.0,flicknamn
Rauni,263.0,flicknamn
Roula,251.0,flicknamn
Rahwa,246.0,flicknamn
Ruzica,233.0,flicknamn
Riham,233.0,flicknamn
Ranim,233.0,flicknamn
Rauha,232.0,flicknamn
Ruba,231.0,flicknamn
Rani,228.0,flicknamn
Rozalia,226.0,flicknamn
Reham,224.0,flicknamn
Raad,222.0,flicknamn
Roxanna,216.0,flicknamn
Rola,212.0,flicknamn
Rajaa,211.0,flicknamn
Rojin,211.0,flicknamn
Sida 3 av 126,,flicknamn
Robert,56563.0,pojknamn
Rolf,50314.0,pojknamn
Roland,42809.0,pojknamn
Roger,38094.0,pojknamn
Robin,29302.0,pojknamn
Rune,28052.0,pojknamn
Rickard,22454.0,pojknamn
Rasmus,18741.0,pojknamn
Richard,17697.0,pojknamn
Ragnar,15680.0,pojknamn
Ronny,11528.0,pojknamn
Rikard,10167.0,pojknamn
Reinhold,4823.0,pojknamn
Roy,4670.0,pojknamn
Ruben,4486.0,pojknamn
Reza,3849.0,pojknamn
Ronnie,3806.0,pojknamn
Ralf,3432.0,pojknamn
Rudolf,3431.0,pojknamn
Ronald,2441.0,pojknamn
Rafael,2350.0,pojknamn
Raymond,2312.0,pojknamn
Reine,2206.0,pojknamn
Roberto,1916.0,pojknamn
Ralph,1793.0,pojknamn
Rami,1657.0,pojknamn
Roine,1515.0,pojknamn
Reidar,1437.0,pojknamn
Raimo,1428.0,pojknamn
Rainer,1380.0,pojknamn
Sida 1 av 109,,pojknamn
Roman,1355.0,pojknamn
Ragnvald,1329.0,pojknamn
René,1323.0,pojknamn
Ricardo,1215.0,pojknamn
Rutger,1168.0,pojknamn
Reino,1121.0,pojknamn
Reijo,1114.0,pojknamn
Roberth,1085.0,pojknamn
Rashid,1063.0,pojknamn
Rafal,1050.0,pojknamn
Rahman,1023.0,pojknamn
Ryan,1019.0,pojknamn
Runo,987.0,pojknamn
Rayan,969.0,pojknamn
Rodrigo,952.0,pojknamn
Raul,931.0,pojknamn
Risto,924.0,pojknamn
Ricky,844.0,pojknamn
Raoul,804.0,pojknamn
Romeo,764.0,pojknamn
Runar,756.0,pojknamn
Ryszard,748.0,pojknamn
Raed,671.0,pojknamn
Ramon,632.0,pojknamn
Ramadan,630.0,pojknamn
Ray,554.0,pojknamn
Raad,542.0,pojknamn
Rufus,540.0,pojknamn
Royne,535.0,pojknamn
Robbin,523.0,pojknamn
Sida 2 av 109,,pojknamn
Ramin,519.0,pojknamn
Rahim,515.0,pojknamn
Robel,457.0,pojknamn
Ramazan,426.0,pojknamn
Raphael,417.0,pojknamn
Rex,412.0,pojknamn
Rauno,410.0,pojknamn
Rio,409.0,pojknamn
Riad,407.0,pojknamn
Ricard,407.0,pojknamn
Rene,403.0,pojknamn
Roni,403.0,pojknamn
Radoslaw,361.0,pojknamn
Ramzi,351.0,pojknamn
Rustan,349.0,pojknamn
Rachid,320.0,pojknamn
Ramiz,318.0,pojknamn
River,316.0,pojknamn
Reda,316.0,pojknamn
Renato,313.0,pojknamn
Rocky,302.0,pojknamn
Rikhard,300.0,pojknamn
Rein,295.0,pojknamn
Rick,289.0,pojknamn
Reddy,286.0,pojknamn
Rudi,284.0,pojknamn
Radwan,264.0,pojknamn
Rasim,260.0,pojknamn
Ruslan,253.0,pojknamn
Rebin,240.0,pojknamn
Sida 3 av 109,,pojknamn
Sofia,92841.0,flicknamn
Sara,66586.0,flicknamn
Susanne,51427.0,flicknamn
Siv,35283.0,flicknamn
Sandra,30791.0,flicknamn
Sofie,30352.0,flicknamn
Sonja,21913.0,flicknamn
Signe,20174.0,flicknamn
Stina,20059.0,flicknamn
Solveig,17093.0,flicknamn
Saga,16087.0,flicknamn
Sigrid,14485.0,flicknamn
Susanna,13112.0,flicknamn
Svea,11487.0,flicknamn
Sanna,10929.0,flicknamn
Selma,9806.0,flicknamn
Siri,9418.0,flicknamn
Sylvia,8987.0,flicknamn
Stella,8894.0,flicknamn
Sarah,8474.0,flicknamn
Sophie,7320.0,flicknamn
Sabina,6901.0,flicknamn
Sophia,5939.0,flicknamn
Sofi,4864.0,flicknamn
Susann,4080.0,flicknamn
Sally,3990.0,flicknamn
Simone,3304.0,flicknamn
Stephanie,3212.0,flicknamn
Suzanne,3048.0,flicknamn
Susan,2777.0,flicknamn
Sida 1 av 292,,flicknamn
Samira,2618.0,flicknamn
Solvig,2616.0,flicknamn
Sinikka,2423.0,flicknamn
Sonia,2248.0,flicknamn
Smilla,1702.0,flicknamn
Synnöve,1679.0,flicknamn
Silvia,1603.0,flicknamn
Siw,1593.0,flicknamn
Sari,1592.0,flicknamn
Seija,1580.0,flicknamn
Sabine,1461.0,flicknamn
Salma,1442.0,flicknamn
Sigbritt,1392.0,flicknamn
Sirpa,1330.0,flicknamn
Svetlana,1290.0,flicknamn
Sol,1278.0,flicknamn
Signhild,1223.0,flicknamn
Sisko,1189.0,flicknamn
Said,1155.0,flicknamn
Sahar,1152.0,flicknamn
Sirkka,1141.0,flicknamn
Samantha,1055.0,flicknamn
Sabrina,1038.0,flicknamn
Solbritt,1018.0,flicknamn
Sibylla,1009.0,flicknamn
Sabah,992.0,flicknamn
Sanne,964.0,flicknamn
Satu,958.0,flicknamn
Shirin,948.0,flicknamn
Simona,938.0,flicknamn
Sida 2 av 292,,flicknamn
Sylwia,925.0,flicknamn
Sahra,913.0,flicknamn
Silva,821.0,flicknamn
Suzana,816.0,flicknamn
Sanja,797.0,flicknamn
Selina,776.0,flicknamn
Stefanie,776.0,flicknamn
Sana,773.0,flicknamn
Siham,772.0,flicknamn
Solweig,746.0,flicknamn
Suzan,737.0,flicknamn
Sham,721.0,flicknamn
Samar,715.0,flicknamn
Stigsdotter,712.0,flicknamn
Savannah,704.0,flicknamn
Saleh,694.0,flicknamn
Saba,668.0,flicknamn
Sanela,640.0,flicknamn
Safa,603.0,flicknamn
Sandy,602.0,flicknamn
Sol-Britt,601.0,flicknamn
Shukri,600.0,flicknamn
Silvana,594.0,flicknamn
Sylvi,593.0,flicknamn
Saida,582.0,flicknamn
Saeed,553.0,flicknamn
Samia,545.0,flicknamn
Snezana,543.0,flicknamn
Salah,539.0,flicknamn
Salih,533.0,flicknamn
Sida 3 av 292,,flicknamn
Sven,102528.0,pojknamn
Stefan,72931.0,pojknamn
Stig,51138.0,pojknamn
Simon,39310.0,pojknamn
Sebastian,37965.0,pojknamn
Sten,22958.0,pojknamn
Samuel,20659.0,pojknamn
Sören,15814.0,pojknamn
Sture,13368.0,pojknamn
Sune,12696.0,pojknamn
Sixten,12140.0,pojknamn
Staffan,12103.0,pojknamn
Sigvard,10859.0,pojknamn
Svante,8060.0,pojknamn
Sam,6559.0,pojknamn
Sigurd,4817.0,pojknamn
Sigge,4096.0,pojknamn
Stellan,3999.0,pojknamn
Said,3929.0,pojknamn
Sven-Erik,3743.0,pojknamn
Sami,3522.0,pojknamn
Samir,3369.0,pojknamn
Sonny,3197.0,pojknamn
Sigfrid,3166.0,pojknamn
Seth,2621.0,pojknamn
Sivert,2585.0,pojknamn
Sven-Olof,2234.0,pojknamn
Saleh,1743.0,pojknamn
Sverker,1723.0,pojknamn
Sakari,1674.0,pojknamn
Sida 1 av 230,,pojknamn
Sven-Åke,1650.0,pojknamn
Stephan,1624.0,pojknamn
Salah,1615.0,pojknamn
Saad,1460.0,pojknamn
Steve,1449.0,pojknamn
Stanislaw,1433.0,pojknamn
Samer,1431.0,pojknamn
Seppo,1342.0,pojknamn
Steven,1330.0,pojknamn
Salim,1285.0,pojknamn
Sven Erik,1219.0,pojknamn
Seyed,1142.0,pojknamn
Sean,1086.0,pojknamn
Stephen,1082.0,pojknamn
Saeed,1079.0,pojknamn
Salih,1040.0,pojknamn
Scott,979.0,pojknamn
Salman,962.0,pojknamn
Stanley,935.0,pojknamn
Sölve,877.0,pojknamn
Sabah,851.0,pojknamn
Salem,843.0,pojknamn
Sander,842.0,pojknamn
Severin,835.0,pojknamn
Singh,822.0,pojknamn
Sergio,799.0,pojknamn
Salomon,780.0,pojknamn
Salam,769.0,pojknamn
Saman,763.0,pojknamn
Sven-Olov,743.0,pojknamn
Sida 2 av 230,,pojknamn
Seved,740.0,pojknamn
Sakarias,735.0,pojknamn
Sayed,731.0,pojknamn
Set,726.0,pojknamn
Sammy,698.0,pojknamn
Sandor,671.0,pojknamn
Sven Olof,666.0,pojknamn
Slawomir,663.0,pojknamn
Senad,663.0,pojknamn
Sverre,648.0,pojknamn
Solomon,645.0,pojknamn
Saif,628.0,pojknamn
Syed,595.0,pojknamn
Silas,592.0,pojknamn
Sabri,583.0,pojknamn
Sasa,580.0,pojknamn
Santiago,567.0,pojknamn
Sven Åke,559.0,pojknamn
Sylve,546.0,pojknamn
Sten-Åke,534.0,pojknamn
Sylvester,531.0,pojknamn
Selim,505.0,pojknamn
Sharif,494.0,pojknamn
Shadi,477.0,pojknamn
Sulaiman,471.0,pojknamn
Suleiman,464.0,pojknamn
Sinan,461.0,pojknamn
Sead,460.0,pojknamn
S,454.0,pojknamn
Szymon,434.0,pojknamn
Sida 3 av 230,,pojknamn
Therese,35887.0,flicknamn
Therése,9491.0,flicknamn
Tina,8738.0,flicknamn
Tyra,8478.0,flicknamn
Teresia,8084.0,flicknamn
Tove,7855.0,flicknamn
Tilda,7518.0,flicknamn
Thea,7077.0,flicknamn
Tindra,6898.0,flicknamn
Tuva,6898.0,flicknamn
Tilde,6821.0,flicknamn
Terese,6119.0,flicknamn
Thi,4898.0,flicknamn
Teresa,4489.0,flicknamn
Theresia,3917.0,flicknamn
Tova,3294.0,flicknamn
Tora,2839.0,flicknamn
Tuulikki,2838.0,flicknamn
Tanja,2650.0,flicknamn
Theres,2456.0,flicknamn
Tuula,2075.0,flicknamn
Tea,1848.0,flicknamn
Thyra,1641.0,flicknamn
Theresa,1589.0,flicknamn
Tellervo,1569.0,flicknamn
Tarja,1485.0,flicknamn
Tatiana,1393.0,flicknamn
Tamara,1307.0,flicknamn
Torborg,1124.0,flicknamn
Terttu,1122.0,flicknamn
Sida 1 av 113,,flicknamn
Tara,1104.0,flicknamn
Theresé,1039.0,flicknamn
Titti,1028.0,flicknamn
Tiina,1022.0,flicknamn
Terése,1018.0,flicknamn
Tekla,997.0,flicknamn
Thérése,978.0,flicknamn
Tess,919.0,flicknamn
Tatjana,885.0,flicknamn
Thérese,884.0,flicknamn
Thelma,821.0,flicknamn
Thilde,792.0,flicknamn
Teres,721.0,flicknamn
Teodora,720.0,flicknamn
Thilda,718.0,flicknamn
Thu,700.0,flicknamn
Theodora,697.0,flicknamn
Thuy,685.0,flicknamn
Tania,667.0,flicknamn
Tuija,613.0,flicknamn
Tintin,605.0,flicknamn
Thanh,595.0,flicknamn
Towe,555.0,flicknamn
Taina,546.0,flicknamn
Tanya,537.0,flicknamn
Tone,529.0,flicknamn
Tiffany,529.0,flicknamn
Therés,524.0,flicknamn
Turid,458.0,flicknamn
Tilly,449.0,flicknamn
Sida 2 av 113,,flicknamn
Tua,440.0,flicknamn
Toini,422.0,flicknamn
Teija,393.0,flicknamn
Torun,389.0,flicknamn
Tala,388.0,flicknamn
Thérèse,332.0,flicknamn
Tasnim,321.0,flicknamn
Towa,317.0,flicknamn
Thindra,302.0,flicknamn
Trang,300.0,flicknamn
Thomasdotter,293.0,flicknamn
Tuva-Li,288.0,flicknamn
Talia,287.0,flicknamn
Taimi,286.0,flicknamn
Tilia,283.0,flicknamn
Tuulia,264.0,flicknamn
Tuyet,259.0,flicknamn
Thora,257.0,flicknamn
Trine,251.0,flicknamn
Taha,234.0,flicknamn
Tesfay,233.0,flicknamn
Thao,232.0,flicknamn
Tahereh,227.0,flicknamn
Tuwa,226.0,flicknamn
Tereza,224.0,flicknamn
Tyyne,218.0,flicknamn
Tine,203.0,flicknamn
Timea,203.0,flicknamn
Toma,203.0,flicknamn
Tu,201.0,flicknamn
Sida 3 av 113,,flicknamn
Thomas,61599.0,pojknamn
Tommy,42183.0,pojknamn
Tomas,34176.0,pojknamn
Tobias,32276.0,pojknamn
Torbjörn,21355.0,pojknamn
Tony,15030.0,pojknamn
Tore,14989.0,pojknamn
Torsten,14625.0,pojknamn
Tage,13774.0,pojknamn
Tim,10391.0,pojknamn
Tord,9577.0,pojknamn
Theodor,9510.0,pojknamn
Tom,9169.0,pojknamn
Theo,8746.0,pojknamn
Ture,7266.0,pojknamn
Teodor,5473.0,pojknamn
Tor,5317.0,pojknamn
Ted,5109.0,pojknamn
Torgny,4812.0,pojknamn
Tapani,3719.0,pojknamn
Tapio,3022.0,pojknamn
Thor,2807.0,pojknamn
Thure,2548.0,pojknamn
Thore,2311.0,pojknamn
Tomasz,2236.0,pojknamn
Timo,2016.0,pojknamn
Toni,1945.0,pojknamn
Timmy,1759.0,pojknamn
Thord,1706.0,pojknamn
Thorbjörn,1677.0,pojknamn
Sida 1 av 108,,pojknamn
Tristan,1640.0,pojknamn
Timothy,1562.0,pojknamn
Teo,1554.0,pojknamn
Tommie,1459.0,pojknamn
Torvald,1424.0,pojknamn
Tonny,1349.0,pojknamn
Theodore,1327.0,pojknamn
Thommy,1198.0,pojknamn
Thorsten,1190.0,pojknamn
Truls,1043.0,pojknamn
Tarek,1022.0,pojknamn
Toivo,1017.0,pojknamn
Teddy,981.0,pojknamn
Taha,916.0,pojknamn
Torkel,899.0,pojknamn
Tryggve,837.0,pojknamn
Tiger,819.0,pojknamn
Terje,805.0,pojknamn
Tadeusz,780.0,pojknamn
Texas,770.0,pojknamn
Tommi,746.0,pojknamn
Thanh,721.0,pojknamn
Tarik,620.0,pojknamn
Torben,543.0,pojknamn
Thom,542.0,pojknamn
Tibor,509.0,pojknamn
Taher,493.0,pojknamn
Thobias,491.0,pojknamn
Torleif,486.0,pojknamn
Thorvald,472.0,pojknamn
Sida 2 av 108,,pojknamn
Taisto,462.0,pojknamn
Troy,461.0,pojknamn
Tyko,457.0,pojknamn
Tahir,450.0,pojknamn
Tuan,444.0,pojknamn
Tomislav,443.0,pojknamn
Taim,440.0,pojknamn
Tyrone,440.0,pojknamn
Talal,437.0,pojknamn
Totte,433.0,pojknamn
Tintin,424.0,pojknamn
Tauno,398.0,pojknamn
Tareq,391.0,pojknamn
Tomi,367.0,pojknamn
Titus,361.0,pojknamn
Teuvo,353.0,pojknamn
Thim,338.0,pojknamn
Timmie,335.0,pojknamn
Tuve,327.0,pojknamn
Tero,322.0,pojknamn
Tino,313.0,pojknamn
Tor-Björn,301.0,pojknamn
Thony,298.0,pojknamn
Tuomo,294.0,pojknamn
Tesfay,290.0,pojknamn
Tariq,286.0,pojknamn
Toma,285.0,pojknamn
Tuomas,283.0,pojknamn
Tedros,282.0,pojknamn
Tyr,271.0,pojknamn
Sida 3 av 108,,pojknamn
Ximena,291.0,flicknamn
Xenia,201.0,flicknamn
Xuan,196.0,flicknamn
Xin,195.0,flicknamn
Xiao,151.0,flicknamn
Xia,98.0,flicknamn
Xue,77.0,flicknamn
Xi,76.0,flicknamn
Xiomara,70.0,flicknamn
Xhemile,56.0,flicknamn
Xiaoyan,52.0,flicknamn
Xinyi,50.0,flicknamn
Xiu,47.0,flicknamn
Xhevrije,46.0,flicknamn
Xhevahire,44.0,flicknamn
Xena,41.0,flicknamn
Xing,37.0,flicknamn
Xiang,37.0,flicknamn
Xiaohong,36.0,flicknamn
Xu,36.0,flicknamn
Xiaoli,34.0,flicknamn
Xiaoyu,32.0,flicknamn
Xiaojing,31.0,flicknamn
Xandra,29.0,flicknamn
Xian,27.0,flicknamn
Xinyue,27.0,flicknamn
Xiaomei,26.0,flicknamn
Xantippa,26.0,flicknamn
Xiaoying,23.0,flicknamn
Xinyu,19.0,flicknamn
Sida 1 av 14,,flicknamn
Xuemei,19.0,flicknamn
Xiaoling,18.0,flicknamn
Xiaowen,18.0,flicknamn
Xiaoxia,18.0,flicknamn
Xiaoqing,18.0,flicknamn
Xiaoqin,16.0,flicknamn
Xiaoyun,16.0,flicknamn
Xiaohui,16.0,flicknamn
Xueying,16.0,flicknamn
Xheneta,15.0,flicknamn
Xhejlane,15.0,flicknamn
Xiaoxiao,14.0,flicknamn
Xiaofeng,14.0,flicknamn
Xasan,14.0,flicknamn
Xiaolu,14.0,flicknamn
Xanthi,14.0,flicknamn
Xinxin,13.0,flicknamn
Xiaomin,13.0,flicknamn
Xiuli,13.0,flicknamn
Xiaoping,13.0,flicknamn
Xaviera,12.0,flicknamn
Xiaohua,12.0,flicknamn
Xiaodan,12.0,flicknamn
Xiaofang,12.0,flicknamn
Xiaoyi,12.0,flicknamn
Xun,12.0,flicknamn
Xhezide,12.0,flicknamn
Xiaomeng,11.0,flicknamn
Xinran,11.0,flicknamn
Xinyan,11.0,flicknamn
Sida 2 av 14,,flicknamn
Xinran,11.0,flicknamn
Xiaomeng,11.0,flicknamn
Xochitl,11.0,flicknamn
Xiaojie,10.0,flicknamn
Xiaohan,10.0,flicknamn
Xhyla,10.0,flicknamn
Xiaojun,10.0,flicknamn
Xiwen,10.0,flicknamn
Xiaoting,10.0,flicknamn
Xiaoqi,9.0,flicknamn
Xiaowei,9.0,flicknamn
Xiaolan,9.0,flicknamn
Xufe,9.0,flicknamn
Xintong,9.0,flicknamn
Xiaoxue,9.0,flicknamn
Xiaoming,9.0,flicknamn
Xiaochen,9.0,flicknamn
Xiaolei,9.0,flicknamn
Xiaofen,8.0,flicknamn
Xinmei,8.0,flicknamn
Xiaoxi,8.0,flicknamn
Xiaodong,8.0,flicknamn
Xuefei,8.0,flicknamn
Xueqin,8.0,flicknamn
Xheva,8.0,flicknamn
Xiaoqian,8.0,flicknamn
Xuseen,8.0,flicknamn
Xinhua,8.0,flicknamn
Xiuying,8.0,flicknamn
Xuân,8.0,flicknamn
Sida 3 av 14,,flicknamn
Xavier,421.0,pojknamn
Xander,308.0,pojknamn
Xuan,192.0,pojknamn
Xerxes,182.0,pojknamn
Xin,105.0,pojknamn
Xhevat,61.0,pojknamn
Xiao,60.0,pojknamn
Xiang,57.0,pojknamn
Xhevdet,48.0,pojknamn
Xi,46.0,pojknamn
Xhavit,45.0,pojknamn
Xu,44.0,pojknamn
Xhafer,39.0,pojknamn
Xaver,36.0,pojknamn
Xavi,33.0,pojknamn
Xuong,25.0,pojknamn
Xiaojun,25.0,pojknamn
Xhelal,24.0,pojknamn
Xing,22.0,pojknamn
Xhemajl,22.0,pojknamn
Xiaofeng,20.0,pojknamn
Xenofon,19.0,pojknamn
Xiaodong,18.0,pojknamn
Xiaoming,18.0,pojknamn
Xheladin,15.0,pojknamn
Xiaolong,14.0,pojknamn
Xasan,14.0,pojknamn
Xiong,14.0,pojknamn
Xiaolei,13.0,pojknamn
Xabier,13.0,pojknamn
Sida 1 av 9,,pojknamn
Xabier,13.0,pojknamn
Xamse,13.0,pojknamn
Xiaowei,12.0,pojknamn
Xian,12.0,pojknamn
Xia,11.0,pojknamn
Xuefeng,10.0,pojknamn
Xiaoyu,10.0,pojknamn
Xiangyu,10.0,pojknamn
Xinyu,10.0,pojknamn
Xiaolin,9.0,pojknamn
Xhemail,9.0,pojknamn
Xun,8.0,pojknamn
Xiangdong,8.0,pojknamn
Xiaoyi,8.0,pojknamn
Xhavid,8.0,pojknamn
Xuân,8.0,pojknamn
Xiaohua,8.0,pojknamn
Xiaofei,8.0,pojknamn
Xiaoyong,8.0,pojknamn
Xuseen,8.0,pojknamn
Xhemal,7.0,pojknamn
Xuejun,7.0,pojknamn
Xiaogang,7.0,pojknamn
Xiaohui,6.0,pojknamn
X,6.0,pojknamn
Xiaobo,6.0,pojknamn
Xhevahir,5.0,pojknamn
Xawery,5.0,pojknamn
Xiaochen,5.0,pojknamn
Xiaobing,5.0,pojknamn
Sida 2 av 9,,pojknamn
Xhevahir,5.0,pojknamn
Xiaokai,4.0,pojknamn
Xiaohu,4.0,pojknamn
Xan,4.0,pojknamn
Xiaotian,4.0,pojknamn
Xinyuan,4.0,pojknamn
Xamza,4.0,pojknamn
Xose,4.0,pojknamn
Xiyu,4.0,pojknamn
Xiaohan,4.0,pojknamn
Xiaobin,4.0,pojknamn
Xiwen,4.0,pojknamn
Xinlei,4.0,pojknamn
Xinmin,4.0,pojknamn
Xinyi,4.0,pojknamn
Xiaojie,4.0,pojknamn
Xenophon,4.0,pojknamn
Xinwei,4.0,pojknamn
XiaoNan,4.0,pojknamn
Xhemshir,4.0,pojknamn
Xudong,4.0,pojknamn
Xinjun,4.0,pojknamn
Xassan,4.0,pojknamn
Xinghua,4.0,pojknamn
Xiaoliang,4.0,pojknamn
Xiaoqiang,3.0,pojknamn
Xhevit,3.0,pojknamn
Xiaoxiao,3.0,pojknamn
Xiaoxiang,3.0,pojknamn
Xhoel,3.0,pojknamn
Sida 3 av 9,,pojknamn
Yvonne,34676.0,flicknamn
Ylva,10536.0,flicknamn
Yasmin,2151.0,flicknamn
Yasmine,1231.0,flicknamn
Yvette,855.0,flicknamn
Yara,802.0,flicknamn
Yusuf,676.0,flicknamn
Yousif,538.0,flicknamn
Ying,485.0,flicknamn
Yasemin,467.0,flicknamn
Yusra,440.0,flicknamn
Young,392.0,flicknamn
Yrsa,387.0,flicknamn
Yolanda,369.0,flicknamn
Yordanos,367.0,flicknamn
Yousef,364.0,flicknamn
Yan,354.0,flicknamn
Yen,313.0,flicknamn
Yasmina,288.0,flicknamn
Ywonne,275.0,flicknamn
Yi,270.0,flicknamn
Yu,254.0,flicknamn
Yodit,219.0,flicknamn
Yassin,214.0,flicknamn
Yasin,210.0,flicknamn
Yemane,209.0,flicknamn
Yulia,195.0,flicknamn
Yalda,194.0,flicknamn
Yildiz,190.0,flicknamn
Youssef,186.0,flicknamn
Sida 1 av 55,,flicknamn
Yohannes,183.0,flicknamn
Yun,183.0,flicknamn
Yee,176.0,flicknamn
Ylwa,174.0,flicknamn
Yang,164.0,flicknamn
Yvonn,162.0,flicknamn
Yahya,161.0,flicknamn
Yue,150.0,flicknamn
Yana,143.0,flicknamn
Yousuf,141.0,flicknamn
Yousra,141.0,flicknamn
Yin,129.0,flicknamn
Yuan,129.0,flicknamn
Yohana,129.0,flicknamn
Yohanna,124.0,flicknamn
Y,122.0,flicknamn
Yonas,121.0,flicknamn
Youn,116.0,flicknamn
Yasamin,115.0,flicknamn
Yaseen,114.0,flicknamn
Yuliya,106.0,flicknamn
Yosra,105.0,flicknamn
Yasmeen,105.0,flicknamn
Yael,104.0,flicknamn
Ylva-Li,102.0,flicknamn
Yagmur,99.0,flicknamn
Yamina,95.0,flicknamn
Yosan,88.0,flicknamn
Yasir,86.0,flicknamn
Yaren,86.0,flicknamn
Sida 2 av 55,,flicknamn
Yeliz,85.0,flicknamn
Yoko,81.0,flicknamn
Yorsalem,78.0,flicknamn
Ya,78.0,flicknamn
Yacoub,76.0,flicknamn
Yaser,74.0,flicknamn
Yuusuf,72.0,flicknamn
Yanina,71.0,flicknamn
Yrla,70.0,flicknamn
Yasaman,70.0,flicknamn
Yvonny,69.0,flicknamn
Yuliia,66.0,flicknamn
Yasna,66.0,flicknamn
Yeter,64.0,flicknamn
Yuki,64.0,flicknamn
Younus,64.0,flicknamn
Ylvali,63.0,flicknamn
Ye,63.0,flicknamn
Yussuf,63.0,flicknamn
Yoon,62.0,flicknamn
Yong,62.0,flicknamn
Yosief,61.0,flicknamn
Younis,58.0,flicknamn
Yaqoob,58.0,flicknamn
Younan,57.0,flicknamn
Yuk,57.0,flicknamn
Yosef,57.0,flicknamn
Yanet,57.0,flicknamn
Yelena,56.0,flicknamn
Yasser,55.0,flicknamn
Sida 3 av 55,,flicknamn
Yngve,14235.0,pojknamn
Yusuf,2513.0,pojknamn
Yousef,2312.0,pojknamn
Youssef,1677.0,pojknamn
Yasin,1371.0,pojknamn
Yousif,1279.0,pojknamn
Yahya,1216.0,pojknamn
Yosef,931.0,pojknamn
Yazan,709.0,pojknamn
Yassin,708.0,pojknamn
Yonas,683.0,pojknamn
Yaser,649.0,pojknamn
Yohannes,592.0,pojknamn
Younes,572.0,pojknamn
Yasser,531.0,pojknamn
Yasir,510.0,pojknamn
Yrjö,401.0,pojknamn
Yacoub,372.0,pojknamn
Yahye,357.0,pojknamn
Yunus,356.0,pojknamn
Yousuf,350.0,pojknamn
Yemane,344.0,pojknamn
Yamen,308.0,pojknamn
Yonis,297.0,pojknamn
Yahia,267.0,pojknamn
Yakob,240.0,pojknamn
Yaman,233.0,pojknamn
Yves,232.0,pojknamn
Young,230.0,pojknamn
Yonatan,219.0,pojknamn
Sida 1 av 43,,pojknamn
Yonatan,219.0,pojknamn
Yakup,204.0,pojknamn
Yong,202.0,pojknamn
Yosief,202.0,pojknamn
Yang,201.0,pojknamn
Younis,198.0,pojknamn
Yu,193.0,pojknamn
Yusef,184.0,pojknamn
Yilmaz,171.0,pojknamn
Yones,166.0,pojknamn
Yussuf,154.0,pojknamn
Yassine,150.0,pojknamn
Yoel,144.0,pojknamn
Yacob,144.0,pojknamn
Yi,142.0,pojknamn
Yasar,134.0,pojknamn
Younus,133.0,pojknamn
Yared,130.0,pojknamn
Yuusuf,126.0,pojknamn
Yassir,126.0,pojknamn
Yan,121.0,pojknamn
Ymer,121.0,pojknamn
Yashar,121.0,pojknamn
Yafet,118.0,pojknamn
Yannick,116.0,pojknamn
Y,114.0,pojknamn
Yehya,111.0,pojknamn
Ümit,109.0,pojknamn
Younan,105.0,pojknamn
Yehia,101.0,pojknamn
Sida 2 av 43,,pojknamn
Yuri,99.0,pojknamn
Yosuf,97.0,pojknamn
Yad,93.0,pojknamn
Yann,90.0,pojknamn
Yaqub,88.0,pojknamn
Yaqoob,86.0,pojknamn
Yavuz,85.0,pojknamn
Yury,85.0,pojknamn
Yosif,84.0,pojknamn
Yalda,82.0,pojknamn
Yohanes,79.0,pojknamn
Yonan,78.0,pojknamn
Yaw,77.0,pojknamn
Yakoub,76.0,pojknamn
Yigit,72.0,pojknamn
Yngvar,71.0,pojknamn
Youcef,70.0,pojknamn
Yacqub,69.0,pojknamn
Yuan,66.0,pojknamn
Yakub,65.0,pojknamn
Ylli,63.0,pojknamn
Yamin,62.0,pojknamn
Yoseph,60.0,pojknamn
Yossef,60.0,pojknamn
Yvon,59.0,pojknamn
Yohan,59.0,pojknamn
Younas,59.0,pojknamn
Yonathan,57.0,pojknamn
Yoda,56.0,pojknamn
Yacine,56.0,pojknamn
Sida 3 av 43,,pojknamn
Zahra,3511.0,flicknamn
Zainab,1619.0,flicknamn
Zandra,1466.0,flicknamn
Zara,1325.0,flicknamn
Zofia,1287.0,flicknamn
Zeinab,1087.0,flicknamn
Zoe,1004.0,flicknamn
Zelda,807.0,flicknamn
Zahraa,680.0,flicknamn
Zeynep,596.0,flicknamn
Zina,458.0,flicknamn
Zarah,429.0,flicknamn
Zuzanna,423.0,flicknamn
Zoey,386.0,flicknamn
Zorica,354.0,flicknamn
Zehra,353.0,flicknamn
Zsuzsanna,341.0,flicknamn
Zenita,333.0,flicknamn
Zanna,303.0,flicknamn
Zohra,246.0,flicknamn
Zohreh,240.0,flicknamn
Zena,231.0,flicknamn
Zaynab,220.0,flicknamn
Zakia,218.0,flicknamn
Zeina,217.0,flicknamn
Zaid,204.0,flicknamn
Zaida,202.0,flicknamn
Zita,199.0,flicknamn
Zamzam,196.0,flicknamn
Zeynab,194.0,flicknamn
Sida 1 av 53,,flicknamn
Zlata,193.0,flicknamn
Zana,177.0,flicknamn
Zoë,172.0,flicknamn
Zaneta,169.0,flicknamn
Zdenka,165.0,flicknamn
Zoé,164.0,flicknamn
Zoi,164.0,flicknamn
Zaga,158.0,flicknamn
Zora,156.0,flicknamn
Zozan,155.0,flicknamn
Ziba,151.0,flicknamn
Zeljka,150.0,flicknamn
Zilan,140.0,flicknamn
Zenobia,138.0,flicknamn
Zuhra,130.0,flicknamn
Zabina,130.0,flicknamn
Zeliha,127.0,flicknamn
Zaki,126.0,flicknamn
Zuzana,124.0,flicknamn
Zinah,122.0,flicknamn
Zahida,118.0,flicknamn
Ziad,114.0,flicknamn
Zuhair,110.0,flicknamn
Zelma,108.0,flicknamn
Zarina,105.0,flicknamn
Zinab,105.0,flicknamn
Zorka,101.0,flicknamn
Zineb,100.0,flicknamn
Zekiye,100.0,flicknamn
Zenab,99.0,flicknamn
Sida 2 av 53,,flicknamn
Zeineb,98.0,flicknamn
Zaklina,94.0,flicknamn
Zoya,91.0,flicknamn
Zin,90.0,flicknamn
Zelal,89.0,flicknamn
Zerina,89.0,flicknamn
Zeyad,89.0,flicknamn
Zinita,89.0,flicknamn
Zaina,87.0,flicknamn
Zinaida,85.0,flicknamn
Zineta,82.0,flicknamn
Zenitha,82.0,flicknamn
Zakaria,81.0,flicknamn
Zaineb,75.0,flicknamn
Zenta,75.0,flicknamn
Zeyneb,71.0,flicknamn
Zübeyde,69.0,flicknamn
Zubaida,69.0,flicknamn
Zebib,69.0,flicknamn
Zinat,69.0,flicknamn
Zhen,66.0,flicknamn
Zhanna,65.0,flicknamn
Zahide,62.0,flicknamn
Zumreta,62.0,flicknamn
Zdzislawa,62.0,flicknamn
Za,60.0,flicknamn
Zoila,60.0,flicknamn
Zdravka,58.0,flicknamn
Zarifa,58.0,flicknamn
Zoja,56.0,flicknamn
Sida 3 av 53,,flicknamn
Zacharias,1387.0,pojknamn
Zakaria,1321.0,pojknamn
Zoran,1222.0,pojknamn
Zackarias,1042.0,pojknamn
Zbigniew,967.0,pojknamn
Zaid,837.0,pojknamn
Zakarias,811.0,pojknamn
Ziad,774.0,pojknamn
Zebastian,764.0,pojknamn
Zack,698.0,pojknamn
Zoltan,636.0,pojknamn
Zeljko,535.0,pojknamn
Zeb,497.0,pojknamn
Zaki,454.0,pojknamn
Zion,402.0,pojknamn
Zeke,373.0,pojknamn
Zain,365.0,pojknamn
Zlatko,360.0,pojknamn
Zaher,334.0,pojknamn
Zlatan,326.0,pojknamn
Zsolt,306.0,pojknamn
Zakariya,277.0,pojknamn
Zander,271.0,pojknamn
Zeki,250.0,pojknamn
Zana,244.0,pojknamn
Zuhair,220.0,pojknamn
Zdzislaw,218.0,pojknamn
Zeyad,202.0,pojknamn
Zakariye,199.0,pojknamn
Zeth,196.0,pojknamn
Sida 1 av 46,,pojknamn
Zein,182.0,pojknamn
Zia,179.0,pojknamn
Zygmunt,174.0,pojknamn
Zdravko,169.0,pojknamn
Ziyad,164.0,pojknamn
Zenon,162.0,pojknamn
Zoltán,160.0,pojknamn
Zijad,146.0,pojknamn
Zahid,141.0,pojknamn
Zachary,139.0,pojknamn
Zaman,139.0,pojknamn
Zigge,136.0,pojknamn
Zeid,134.0,pojknamn
Zac,125.0,pojknamn
Zebulon,118.0,pojknamn
Zarko,118.0,pojknamn
Zvonko,112.0,pojknamn
Zahir,111.0,pojknamn
Zubair,110.0,pojknamn
Zafer,107.0,pojknamn
Ziggy,100.0,pojknamn
Zvonimir,96.0,pojknamn
Zuher,94.0,pojknamn
Zaim,93.0,pojknamn
Zimon,89.0,pojknamn
Zakir,88.0,pojknamn
Zeeshan,86.0,pojknamn
Ziya,85.0,pojknamn
Zdenko,81.0,pojknamn
Zeray,79.0,pojknamn
Sida 2 av 46,,pojknamn
Zeray,79.0,pojknamn
Zerny,77.0,pojknamn
Zach,74.0,pojknamn
Zafar,73.0,pojknamn
Zuheir,70.0,pojknamn
Zivko,70.0,pojknamn
Zaya,68.0,pojknamn
Zayd,66.0,pojknamn
Zhi,64.0,pojknamn
Zoher,61.0,pojknamn
Zheng,60.0,pojknamn
Zekarias,60.0,pojknamn
Zekeriya,60.0,pojknamn
Z,59.0,pojknamn
Zdenek,59.0,pojknamn
Zackaria,59.0,pojknamn
Zid,58.0,pojknamn
Zin,58.0,pojknamn
Zyad,56.0,pojknamn
Zaia,55.0,pojknamn
Zidane,55.0,pojknamn
Zak,54.0,pojknamn
Zakarie,52.0,pojknamn
Zen,52.0,pojknamn
Zed,52.0,pojknamn
Zydrunas,50.0,pojknamn
Zacarias,49.0,pojknamn
Zahed,49.0,pojknamn
Zeru,48.0,pojknamn
Zidan,46.0,pojknamn
Sida 3 av 46,,pojknamn
